-- phpMyAdmin SQL Dump
-- version 5.2.1
-- https://www.phpmyadmin.net/
--
-- Máy chủ: 127.0.0.1
-- Thời gian đã tạo: Th8 03, 2025 lúc 04:20 PM
-- Phiên bản máy phục vụ: 10.4.32-MariaDB
-- Phiên bản PHP: 8.0.30

SET SQL_MODE = "NO_AUTO_VALUE_ON_ZERO";
START TRANSACTION;
SET time_zone = "+00:00";


/*!40101 SET @OLD_CHARACTER_SET_CLIENT=@@CHARACTER_SET_CLIENT */;
/*!40101 SET @OLD_CHARACTER_SET_RESULTS=@@CHARACTER_SET_RESULTS */;
/*!40101 SET @OLD_COLLATION_CONNECTION=@@COLLATION_CONNECTION */;
/*!40101 SET NAMES utf8mb4 */;

--
-- Cơ sở dữ liệu: `cnw`
--

-- --------------------------------------------------------

--
-- Cấu trúc bảng cho bảng `category`
--

CREATE TABLE `category` (
  `Id` varchar(15) NOT NULL,
  `Name` varchar(15) DEFAULT NULL,
  `Description` varchar(20) DEFAULT NULL
) ENGINE=InnoDB DEFAULT CHARSET=utf8mb4 COLLATE=utf8mb4_general_ci;

--
-- Đang đổ dữ liệu cho bảng `category`
--

INSERT INTO `category` (`Id`, `Name`, `Description`) VALUES
('C001', 'Hoa sinh nhật', NULL),
('C002', 'Hoa tình yêu', NULL),
('C003', 'Thiệp chúc mừng', NULL);

-- --------------------------------------------------------

--
-- Cấu trúc bảng cho bảng `orderitem`
--

CREATE TABLE `orderitem` (
  `Id` varchar(15) NOT NULL,
  `OrderId` varchar(15) NOT NULL,
  `ProductId` varchar(30) NOT NULL,
  `Quantity` int(30) NOT NULL,
  `Price` decimal(30,0) NOT NULL,
  `Note` varchar(30) NOT NULL
) ENGINE=InnoDB DEFAULT CHARSET=utf8mb4 COLLATE=utf8mb4_general_ci;

--
-- Đang đổ dữ liệu cho bảng `orderitem`
--

INSERT INTO `orderitem` (`Id`, `OrderId`, `ProductId`, `Quantity`, `Price`, `Note`) VALUES
('I003', 'O003', 'P003', 1, 150000, 'Giao buổi sáng'),
('OI001', 'O001', 'P001', 2, 150000, 'Giao trước 8h'),
('OI002', 'O001', 'P002', 1, 95000, 'Giao kèm thiệp'),
('OI003', 'O002', 'P003', 3, 200000, 'Ghi chú trống');

-- --------------------------------------------------------

--
-- Cấu trúc bảng cho bảng `orders`
--

CREATE TABLE `orders` (
  `Id` varchar(15) NOT NULL,
  `UserId` varchar(15) NOT NULL,
  `DeliveryTime` date DEFAULT current_timestamp(),
  `TotalPrice` decimal(30,0) NOT NULL,
  `DeliveryAddress` varchar(255) DEFAULT NULL,
  `Status` varchar(10) NOT NULL,
  `CreateAt` date DEFAULT curdate()
) ENGINE=InnoDB DEFAULT CHARSET=utf8mb4 COLLATE=utf8mb4_general_ci;

--
-- Đang đổ dữ liệu cho bảng `orders`
--

INSERT INTO `orders` (`Id`, `UserId`, `DeliveryTime`, `TotalPrice`, `DeliveryAddress`, `Status`, `CreateAt`) VALUES
('O001', 'U001', '2025-08-12', 280000, 'Trung quốc', 'pending', '2025-07-16'),
('O002', 'U002', '2025-08-07', 500000, 'Gia lai', 'shipped', '2025-07-10'),
('O003', 'U001', '2025-08-06', 30000, 'Kontum', 'completed', '2025-07-08'),
('O004', 'U001', '2025-08-01', 280000, '123 Nguyễn Trãi, Hà Nội', 'pending', '2025-07-31'),
('O005', 'U002', '2025-08-01', 600000, '456 Lê Lợi, TP.HCM', 'shipped', '2025-07-30');

-- --------------------------------------------------------

--
-- Cấu trúc bảng cho bảng `payment`
--

CREATE TABLE `payment` (
  `Id` varchar(15) NOT NULL,
  `OrderId` varchar(15) NOT NULL,
  `Method` varchar(30) NOT NULL,
  `Status` varchar(30) NOT NULL,
  `PaidAt` date NOT NULL DEFAULT current_timestamp()
) ENGINE=InnoDB DEFAULT CHARSET=utf8mb4 COLLATE=utf8mb4_general_ci;

--
-- Đang đổ dữ liệu cho bảng `payment`
--

INSERT INTO `payment` (`Id`, `OrderId`, `Method`, `Status`, `PaidAt`) VALUES
('PM001', 'O001', 'Momo', 'Paid', '2025-08-01'),
('PM002', 'O002', 'COD', 'Pending', '2025-08-01'),
('PM003', 'O003', 'momo', 'paid', '2025-08-01');

-- --------------------------------------------------------

--
-- Cấu trúc bảng cho bảng `product`
--

CREATE TABLE `product` (
  `Id` varchar(15) NOT NULL,
  `Name` varchar(15) NOT NULL,
  `Description` text NOT NULL,
  `Price` decimal(30,0) NOT NULL,
  `Category` varchar(30) NOT NULL,
  `ImageUrl` text NOT NULL,
  `Type` varchar(30) NOT NULL,
  `Stock` int(30) NOT NULL,
  `IsAvailable` tinyint(1) NOT NULL
) ENGINE=InnoDB DEFAULT CHARSET=utf8mb4 COLLATE=utf8mb4_general_ci;

--
-- Đang đổ dữ liệu cho bảng `product`
--

INSERT INTO `product` (`Id`, `Name`, `Description`, `Price`, `Category`, `ImageUrl`, `Type`, `Stock`, `IsAvailable`) VALUES
('P001', 'Hoa Hồng Đỏ', 'Bó hoa hồng đỏ đẹp rực rỡ', 250000, 'C002', 'data:image/jpeg;base64,/9j/4AAQSkZJRgABAQAAAQABAAD/2wCEAAkGBxMTEhUTExMWFhUXFxUYFxgYGRcYFxUXGBgXFxcXFRcYICghGBolGxYXITEhJSkrLi4uFyAzODMsNygtLisBCgoKDg0OGxAQGy8lICUtLS0uLy0tLS0tLS8tLS0tLS0tLS0tLS0tLS0tLS0tLS0tLS0tLS0tLS0tLS0tLS0tLf/AABEIAOEA4QMBEQACEQEDEQH/xAAcAAABBAMBAAAAAAAAAAAAAAADAQIEBQAGBwj/xAA/EAABAwIEAwYEBAUEAQQDAAABAAIRAyEEEjFBUWFxBQYTIoGRobHB8Acy0eEUQlJi8SNykrIzJEOTohY0U//EABoBAAIDAQEAAAAAAAAAAAAAAAABAgMEBQb/xAAxEQACAgEEAQEGBQUBAQEAAAAAAQIRAwQSITFBUQUTImFx8DKBkaHBFLHR4fEjQmL/2gAMAwEAAhEDEQA/AOqUNVYRJ7dEANwFKWzJ1+gSkxVYXxhsEUMaHJjCz5eaj5AC87KQhW1CAigFquseiSAzB/fxQwQeoUkMY5ADmIAekAiYGJAQMX/5B6Ka6IssAoEjCgBEAKgDGoYGFAGFAFKVYRLLACx6/ooyGiQ5RGNTAxArKijqpAybmgHogCmr9seFTdD2giTBiRafTbXjzSkShFtkfB42pVcC2SGawRBcSQY2BbofUKNtsscVFcl/nsSplI0VraooQ7xTp6oGI95+wgGMc8319kCMbVI0KBhBWJ3QCF8UoAbUrEaFFAMOKdxRSEN/incUUgM/iXcUUgBVKhJnUpgSA+p/d7JcBZniVP7vZFILMNSp/d7IpAL4lT+72RSCwNd9aBlzTebeyKQMKHVY/m0+KfADC6pBnMjgADUASGOfHlmJOiAML6v93sjgLMD6v93sjgDM9X+72RwIAzVIkNxz63/ttBGR2sfmyvIm/wDUGD1UXZOKjXI/AtqGnAETVE6f+PKJMT6JNsNsQdA1w1oNFrTlaHEQIIpk2AMHzCOU7oTZJqLfYTD1KpcA9gDYMnW8COl802I0ummyMkq4JxdopEBzjb1SGVHefvNQwVMuqu8xHkptIzv6DYcSqsmRQXJq0mjyamVRXHl+EaGPxfJLg7CjKdIqeYdZbB+CojqW30dTJ7GglSyc/Qv/AP8APMF4NOqahGcTkAmo2CQQ4D8sEEXsdle88ErZgx+y9Rkk4xXXnpFF3q/EamaGXBOeKhMFzmgZGakiZBOg5TKpnqU18Juw+x5wneaq+pqnZnf/ABtJwc6sag3bUggjhIEg8wqVmyJ92dCeg0k8dOO1+qOg4r8S8C2nTcG1HueJNNsTTgkEPJIGoMRqIOhWr+oSVnGj7Jyym42lXn1Nm7A7Vw2Mpl9B0xAc0yHMJvDh9dFZDKpq0Y9Ro8mnltmWgwjOB9yp2Z9plfBtDSRNhxKSkKivpDzt6j5qYi5UCRiAMQBiAFakwQiYgdf8ruh+SF2HgqALqYi0wf5B6/NRYwyQGIAxAFZCkAcMBBkA2KTGiNQgNiG68BwCGgTJdGm3KPK3joEiVjxTAvA9ggQ5946oBmmd6/xCw2De6kGuq1W6hsBrTrDnnfoCqZ54xdeToaf2dkyxWR8ROU97e3f4zEGuWlssptyTmy5ReDAtmJWLJNzldHo9Fp46fFsk7KAn7+SAk01RkusTYcNvRFp9CUZw5l+hHr1TJA9hurIR4sy6jM3JxXY7DUpAzEzwt80punwS00HOK95J/QJlyXbe+h1ST3dl0o+5dxd/U2n8Pu9jcE+vVdTe8vY1jGAhrZzFxLjtFosdSpxmsfzMebBLWNJval98G69n/i80n/WwxDdjTcHHXcOj5prVeqIZPYfF4539TonZ/a1LE4fxqL8zHA30IO4IOhHBaYSUuUcLNhnim4TVMj0G+dvVXFBbKJIxACIAVAMVqQCJgDxH5T0QuxeCraLqYiywo8g6KD7GgqAFQAiAor3BSEHYPKehSZIj0W203+gTdCTok0pgKI+RzkAa13072MwLGy01Kj5yMBiw1c52zZIGhPLVV5MscZu0ehyapuuEu2efcViC597uc4kzu4mSfcysKj5Z6SWbrGl8h/hho8xk8/oq7cnwaPdwxR+LlgmEB+v+3SPh1VjVozY5Rjltu/QV9bfpbidghRoMma+WMYWSTq77F+FlJqVUVY5YlklLuQ8u3sCAT6KKRbOab3LhoBmLuKnSiZnOWV9MflIE2hRtN0aPdShHc+vqJSdMZR9+6HGuxwybktqN47g982dntq06jX1GVC10tLRkIsSGnWRG/wDKFZiybX0Ytdo/fJPdyv3OkdkduHF12HDOHgNAdUcRDnk6MaDcDiYWhTc5fD15ODPDLFamuQ/aX4iYGi5zC9z3NJBDGkwQYIzGG6jioy1EI8GzD7J1OVWlS+bKDvj3+cMPRxWBqgNNR9Kox7RmDi0Oacp4BrjIMX3UZZdy3RZdi0KxzePPHnhppmndn/iNjqVRj31zUZIzscGQWzfQAgxpCpjkmn2dLPodM8fEafqmbN2l+MHmjD4cZRvUcZN/6W6e6nLUyXSMmD2Njkv/AEnz8kbN3E7+sx7nUnUzTrNaXwDmY5oIBLTqIkWPHdW48u/h9mHXez/6f4ou4m4q45wLE/lP3umuxMrWqYi0w48o6BQfZJD0AYgDEAQKgUhBmflPQpDIzXWA4n6IaCKRMYEhs038R++BwVMMpf8A7FQS2wIptBgvIO+oHPoqMuTbwuzoaHR++ucvwr92cXxfaVTEvdVrPL3kkknYagADQAbBY8lt2ek0ahHHsXSIr6wFwLaqKV9lmTIoK4rgiuxAO/3+qtUKMT1KkqsG6qJEixmPvqpxjZg1OaWOpLr0I7sSZytaJmNZKs916mV+0OKjGv3JVHBw5zXGYIuOcaH1VeSdLg1+z8TzNufCRLq4ZkXmOv3KzrJK+Dt5dJgcKl/cR3lsQDw5p/i5IpLCtj5+flhhXhsCwvbj1UdrstWWChQGtiCbA315cCOisjHyZc2a/gXDHUi1onU25nf20UXubLsPuoRtq2Teze1alGoKlJ3h1GyQR7EHiL6FKO6L3IszSx5oPHNFYa0k5iSZJM8T81NqzJCe20/AOsZF+vp9/JSiqKM0965H0KbSIIn1+RSk2ui7BjhJVJWDxLskEGxMQdvZOK3dlWfIsFOD4fgue7Hb1TCVRWoxnDS05hLS0wSI9NReyVuDuJZHHj1MNmRfodn7vfiPha1B9Su5tB1OM4JkOnQ093afliR8Vqx5lJc8HD1fs2eKaUPiT6/2XOC7zYTEtihXY9xE5Zh8T/Q6D8FZDJGT4ZkzaTNiVzi69fAcBXGUtKQ8o6BVskhUwFhIDIQBAqaKYgzPynoVEPBHYYCJEokpiAPOHe7tQ4rFV6xPlLyGX/kacrI4CAD6rnSlc2z1uLC8enjDpV+rZTsp2MAAHXX3kb6KO5WWQxPa6SVmFsNG5+5Su5FrhtxJeQFOmATxmBwhTbboyYsSxtvz4+hlUTa2un6JxdFepx+8i4PkzD4cAEnc/dk8k23SI6HRwx4d0uWwwqgXA2+V/wBFW032bo5McPwoYXh15snTToiskMkdyfDGV6oLmtm0TPqB7QITjHhsqy5U5xx+PUMMokA3/RQal2bIyxJUgQaJJJNo47yduis5a4Oe8eN5N02+GOAA0Opn4fso232aVGEV8L75GeJJhp6k6D06KcY+ph1er2K4c15FwuDL4zHKIE2knWYBI24qUvhMC1e9xxx7dLklVGtmabWt8paBMmHCJncnjzVMckl2dWHs1Xuc7f6EOlYkE6AHnf7+KsatWRxTSk47uvug+QERGxN91C2nZp93jnFxrn5gsNTIFxedthxUpteCnSxlFc92Fg6bTMnjyUdyL5Y5J0+nyGw1ZzXBzHEOBBBFi0jQjgVBvz0XwXafKfZ33uj2v/FYVlY2cQWvH97TldHI6+q6eKe+KZ4/W6f3GZwXXj6G2NFgmZjAgBUAYgCvqaKYmGZ+U9Coh4KjtTtHwmi1ybnXIP6o3us+oze7QnPajRu+/eOrSoBud3i1G1KRAJAy71LW/K8AQsayTly36pm72XgllzKb6j2crpmXQduaTW2PB6uGT3uWmFq1SCBbWEoriy3LkaltRFxdWN46qcI2ZtTl2NW6I1GtmdlnpzVrjUbRz8WdTzbG/oTC4N0aPr7qpK+2dJyjHiMQderHv9/FThCzHqtS8KUq8kevX8ttzE7DjdTjDnkz5tWnje3t/tYem3K0aaf5++arfxNmzElixxTI2Ief5YmRI4gf5BVkUvJj1M5JpQ7tcepJYyRc78NVU5V0jfjxqcfikEfhpMzEbjcdPRRWWlRdLQuc990Ce0tMm7Ru2Aet5VkJRfBh1cM+KLlGml5H+QkloIb5YDrkafW6cm0+DFpazJqfSfPz9EFz6w69/iLqpOSZ2Hp9NNfCla+QLDkGSdjEc4m5ClK/AsMou3L6UvXskU2tdfKB8xM7qtuS8mqGPDkV7Un+5AxcsNieWn6LTjqSONrZSwSSvvoJTq/ECOu4++Cg0X48nFvrj/YWpUsANeHI2v7qCjTNOTLuhFLteB4ltz8fqoum6L4yljjuZvHcrv6MMKeHqU2+BeXtnOC5xcXuvDhcAxe2+i04s2xU+jkaz2etRJzxvn9jurXggEGQRII0I2K1I861XBjE2IVACSgCj7R7Yo0iWvqAOEEgSS0E6uA0HMpSyxjw2QlkiuyVgsdTqNcGPDiBcDadE1JPoIzT6KntnCuJFRrSYEEtOnVpBzC6yaqLtSSFKP8A9HIfxAql2IAJ8rGZRwBk5o/+o9Fixt2el9iKD00/W+f0VfyafUfDg7gPoNfvdakrVF2SezIp+gc1WnzWB4qtRa4NTzQlU/PqRWVQ8kEdPirHHYrRmx5P6mTjNff1BYmgADA9flfhKnCTvky6nTxjBqK/yTcDLm5na6bieJKpy/C6R0vZ6eXFvyL5fUfUax3ljl9lKLkuSzNiwZf/ADor2YaBefgZ58lfKfPBxcGkl8W60uq9fn9B1QlrdTA5fA/qkmpOi6UZ4Y3fC++Q1OiIDj/jh0Vbm7pG3FpovGsk/P6oSnb79E2rI4pODpEgB1tbb7DrOqg6NS3tJO/r4FFQREg6zwj7v6qLTuyanFxcZNP1+gjspgRZNOXlkfd6dL4I8Mh1qpBAAmT7AETJV0Vas5ufM4SUIq7/AM8hqDYBAuCSVCTtmrBFwg1Hq7CU8QM0AX1PAfcqLi6ssjnx+8cV+foOqN1cIktLb7B0aeyljnt4Zn12j/qPii1fgq6BLSWk2Go2Oi0tKSs4SzZdPN4+/k+iXSeOk/IToqZI62nnNq5fsTaDpsbqiafZ2MElW1vsDSBBIIO8W1A09FKSTRnw5JQnTR6U7n9oU6mBw5pvLw2mxhJ/NmY0NcHDYyF0MVOKpnlNZGUM0lJVyXTamynRnFLkAMzIA1/tfu5RqF1QNyVCCC5tiZEGdjbiFVPDGXPkpniXaNax3ZFfDsOXz/6eSWkAhoe1zSQdXAZ224t5rO4SxrjkpcGi77v946b2Gl5vGDXEh0yBMNDp/muFZHMpKvJfiy8bTj/fntn+IxLyxrWU2ktbEAugxncd3O19hzOd7XJtI9Zp9GtPiVdtW3/H5GtuaY15k+0yhPk0TxNRXPfZEYA1p9YurW22jnRjHFGTsPhJzSRaFVkqqRv0bl73dJcUJWuSOvzTja5IZ1HI3ELRrhogkfIqMotu0XYc0MeNQk6HtBvtrrHzAsVFtFyhKmk6AyZ/LflpHI7qyl6mXfJSrbz+1fJiYirDL9LXjdEI/FwQ1GeMcT3fT1G4erNgZ4fuDunOHkr02ov4U79P8V6h6NQTfUT+yrkjdhnFO33ySjiCdBOnz3KjsRrepk3SRDx9XJ5oGv1I+Ssxx3cGDX5lh+Ovv/g2l5gDoDeNU38LKsTeWKfSfgTE4cNAIP8AmYPzRCbboNTpY44qUWZQqNvfrtHVNxYseeDfYKjU87zqDytINvvkpSj8KM2HLF5ZvtP+CXRdf74qqSdcnQwZYOXwu/UE+ne9pP36wpqXFIyy0q9972Xn7/Ue9si+uoM+yhuo0vFui77B4XNr12/SylNpFOmWSXJPpumypaa5OpGUZKn4Ok/g/wBuMaauEe5oc5wqUyTGdxblcwcTDGn3WzSypUzz/tqHvJKcfCpnW6IhamcJCbIAbCYAa2nskJlF2/h5NwLgZHQJa4bTw5GdVztZal/ZlciB2U9vhgPaBnfTDqn8xyuDi1ztTpAGwKhp83FSXfklBpcnIu+/YRweJdQ1bAdTk3LHTlDv7hBBPKd1bs2So9ZHU/1OKM13018zXKjiRG4P39EJVyUvO8jWPpoSnTuAfbYolLi0W48Kc0pkioTOqrjVGvNamkiNQIBMn1PqrJcoyYahKSb/ADHinJAkC8zd0CdYGqNyQ8mOcvwpX3ySKzZENOnx5hVR4fJtyJzxquH5X32AdUDRe0GfQzb1KsSbfBjyZI4YfF4d/wCvzBYQF4l0QNB8ZKlN7eImfSxeoj7zL0ul/klFrTcaj9uPVVpyTNeXBgzRdrr9SIwmLWPsL8VY6vkzQcnGo8US6NXczfbbrxVMo+h0cGWnc/8AX19RcT5fVEOSWqahXzI4dyiPYg8Fck2c6WXHB7XxX7p+glSSCNjryCFS5DI5ZE4Lp/sPfQERM9T9NFFTZOWkjVd/V/aAvwxJDWyJjoBuJ9FYpqrZgyaacs2zH1Sf09eSXSwxaJN7yqpZFJnR0+heCF98hKZJsYKjJeUa8cudsuSKagBLeR+Uwp7XVmJ5UsmzvglUYMkdOnRVTN+Bxu0ZlLZNr6m8jj6KVp8FWyUE5f8AQ/Y+JNCrTqgmab2OB3OUgke0qTlXKKseFSThJ9qr/wAnqSnVDmhw0IBHQiQt6PJyVOgZeIU6IWZZMLA19PZRBjqlBrmQ4T97KE4Rmqkgrg1XvO9mH8CqGE/+oAdG+Wk9zATs3OGSeAVGSGOHxbeUKkldHJ++VGs6uatUHzic0HL+Y5hygzY7Qsrc7uR6X2PPFLTuN/FbtGpvo5tJkHkrd9Fk9MsrUlw0AxjnTYFThVGbWSybnSJdNzi1ruUnqqZJW0dPDPJLFCb9OQPiTr68h6qe3wihZOU5ef7B8sNlvCR+vNVLl0zXJbcalj6rj78jRUdH9U9LFT2q/QpeTIo2visbUpAfyjWT9SOalGV+TPqMLjHiKscKu8Bs6xoOic4vsq0meO1Rvld32R34iNAdSALXPMo2BLVbXwubpL1fz/4E/hSYIAzX3gegKW9LguWmyOpqt3YZoO4je0H4KDa8GmEZq1Lj9/2B4p7ibNMaepO6cIpIq1WWcpUlx0h1Km3L5uKG23wKGDEo/wDqk2CrUGtc1wiJ+/qpxk2mjNn0uPFlhljwgsmx15az0UeDVc6TXPy9QlIHdpAMjbeL/P3UW14ZbjUq5jSd/uHw03/f57qEzTpm1aK7F1HF5aJDeI1I/S60Y0lG32cbWTyTzvFHiPy7f+howpmW25G6HNPhkY6ScXuxk6i6GyYtwVD5kdXHccVtok0iXNv99FXLhmvF8cOQVMAiDpxiY5+inJ0ynFDdBo9R0aXlAGgAjpFl1U+Dw8k23Y7InZGhciLCgNbT2QxiV8QGMl35dJ/pnd3LmotpdjSs07tPtmi7EhrqjHUhmabnKc4w5JJFtPEHvzVcp4/LQ1Cb8Go/iRQAp06lGo51GrUdPmBbmYxoiw1MOnm3ksualTT4Z2fYmnjvnf4qObOdA01+BlRStnVlN4otJdg6NMkkm9vSbynJ1VFWGDm5OXoI6q4aX0tzT2pkXlnH8PPyB0h5okCdBAgceuqcurKcbXvdjffSJz/KLBUpbuzrTbxKooD43mHD7gqahxRklqKmpPr75Ee6dL8PvdC4FOSyLhc+BrGQTIkSYvpP7/NTcrjwzHj08o6huUeGONEAC8Gd+J+Sgpts2z02OKW18359f4DUmCd7DRRk+C7FFKdPugVV3mb6k9Lx6JxXDIZpPfGvnf08fkDrGWkHXlrIv7ypRVMo1DcsbUu/5QyhVnWxME8AbcxEqbjXRRhzbvxdvl/fAuNfmYQNOXJLHxIetk54GkuF/AuEqy2BrAHOBIPy+KJqmPR5N+JJd1+dLh/fzJVGmQDNht8VTN2zo4IOMXfSAsrm9hE2gwrHBGWGok26Sq+KGBt54pt8UVRxxWTc+2GxPlAE3PwUIcvk16lbIKK7Y3BmBlN4+XBTnzyjLpm4LZPnx/oNVxQDYYI+ChGFu5GjJqtkNuJUwmCfkc10BxDmuykEtdBBykToYi2xQ3zYscXtcU6s9Q4Oo91JhqNDHljS5oMhriBLQdwDZdGPR5KaSk0iQ3RNkTIQBHqaJsCD2xiGimGnQ67/AACzah1Euwq3ZoPbJYTZ413BC5s6ZvjZbv7Ep4/s7wA4NdTcTTfBDQ+5vxBzEHqt+OKyYq9CvDqZabPvXns4v2t2RWwtc0K7IeBnMQWluzmltssB19t1BxcTr4c0Msk07X6fkVtSu4GGgbpKK8hPPkTrGvULQacpvJv9gDRQk+TVhxuON07f30IKUmSL7/P1KHKuAjhUvja5Q91Sfbe/w2SSoseTf4/kg1HAkamdeNgTlIjRXLhHKyS95OPo+/XhdelEqnT0mb6xpKqb7OhjxpbU/tjjXhwaY1Hpr+iShcbJy1EYZYwl8hjmZXdT7zrr1U07iUSg4ZaXl/qJiWmTB35b8zpxlEGkiOqwb8m5eHxX30MdhgJc0kO4zPzTWTwynJotr97ibUv1TFYdjc8pQ15RZB//ADLl/mZVa3XjGvHZEW+gy48b+P18fMY4wDwP37qSVsqnLZjk10xOz2nI2QD9JPH1Rlqyr2fHIoK1aXX5/Mm08RBES07EH7hU7a6Z03OM3snHv53/AHBEiZM3k9Z4jjMqSZW4Rg/l8vvgHmzOkaD7+gU1wqKJPfPdHpBazA4E7j4qEXtdF2aHvYua7QA3aBvx0KsunZha97jS6YWnTAHT48deSi5WXwwqCbrrybb3D7uOxmIY0f8AjYWvqu4NBkNA1l0RyUY43ORfn1kMGBvy+j0Nm5ro0eSFnmgBZQMiPJhAiu7Uwctc5t3mN4BjbkqssN0aLMctrNA7V7Ixrz5aA/8AkaAsP9LN+hsWogkbr2H2S5lBjS4zHmgiJOo+i34obIpGPLLdKzTvxh7LdTw9OsxxBzOpPMw4se0uySIlpLLj91HPxE2+zVuyV+aOQ06YvzErI5M7+PFFJ/SxzB5ZaLn1HtKTfNMnCFY/eQXLMqV8tz0P00QoWRyah4/xME91jGm+s+v7BSRTLhNq68/f+ERMrnOaQIaDM/XpFldaSdnLe/Llg8apX2T2VCW6W9if2VG3k7Mc0nDlAHNBOpPH/daIVibSMMoxyZLtv1+vig/jkeUmTxCrcF2jdHVSitk3f0EY0kE630GwA29R8UOk6CClKLl3b6/IdiCGNi4nTc3104JR+KXBLM46fDT4v83z3+gymwCCTzHxHvcKUmU4sa4bfA3EUA4xPP7+90RntVi1GmWaWzdVOwWIw8tLf5hABMj4C1+KnHJzZh1GglJNb3a8Pr7+YWhLQzzA5mgub/TbjsY2ROKJ6PPkTSriufTjyiUxrb7n704KhtnXxxxttrsBVqGdIE/p7XKnGKoz5c0nKqpWKx0jTeES4YY5Jxprt0K7FNHlFzp0R7uXbB6zFFPHHl9ACwgctvvgpp3wZJY3FWuiTntzUNvJreX/AM0vLOhfg2XDGuichovLumZmW/GT81Zp2/efkZfakIrSp+r4/Q7QXDn8FvPMiGq0blHICeOziUUwsQqIxlYWSY0RH0kqGTMIICYmB7d7HpYug6hWEtduNWuH5XNPEFKUVJUyzDmlimpx7Rybtf8ACkYejiMRUxctpsc6mGsguiD/AKknfSBxBnZZ5YdsXydbH7ReXNGly+Gc6bUBA2i0bG0eqyuMrO9jy43jSfj9xtKmJkjTQfP/ACnJ+EV4oR/E19EEDpGnS6i1RfDJuT4GloBgi33opdqylqMZ7WuGZXIAHAfDnKcOSOeSglXREoHe8TMxtp8grZo5+nmtzX5/l0GrU+BHVQizRnhXQLC5pgAgX4QBt9LJ5NtWVaN5nJQSaXPpVeCSHNmP5juq6lVm9SxOe1/ifkBiwQYDozacj+6nB2raMurhKMqjKt3Xyf8AsXBBzfzC5jXlP7IyNPpi0UcmPjJHl1/I+sDF7mQfiopq+C/LGSh8XL4/uR8PxvGZ3AWJi3Hj6q2Rz9Ny264t180/QnUmgcdOHBUSbfR1sUIwtyf7EGo/MSRPwvxtur0tqOTPL72bcU6X7h6VaQIECPnOihKHJqx57gklSr7ojDDQba7/ALdVZv4MEdHsmlF8/f8AcPUa7MLwBEcZ6j6KMWkjRqMOSckrpV0ScHhC9zWNBLnODWjQkuOUAep+KTlzRLFpY44OXPHZ6L7ld06eBogWdWcB4r+J/pbwaP3WrFjUF8zi63Vy1E//AMrpGwuYOCuMRFq0xKYUM8Ac07FQQlQGYUABc1AD6LoQBJaUAVPezsj+LwlbDh2Uvb5TsHNIc2Y2kCVGcd0Wi/T5fdZVP0OI4v8ADntFjXuNNga0SR4rJIFyWieWmqyrFLyjtZfaGKnsf5Ua7hqckMAJd+UDfp1WWSe47WCcFhV+gPtCm+lDXMc0n8oLSJgxYdVbGDbsxZNXixxqLIlTGE2iDMXkQd7cVJY6K5633nEewgqajpPy/RKvJLepJxG0gZIGgjoBeTHr8VZ2uTi6iMo6he7fLoJnaNifaCqtrO57yMaT5f5Ux+FYAXRqY+Gyjkb4s06OGOLk49v7oIabQZOosNxytqob21Rc8MFLe+11/AOuYHWLzHqT96KcFfJRqHt+FfqML/IeMGDccI+YTr4iG9+5a818/lRBx9R0DUTqfoDur8aRxPaGfJaju7XP/foHosuOAsPYR8yVCTtG7DjUZJ/p+iolNJIMfZ5clVKl2bsTlJPa/wDolJozWFpMptuuRYox95UFxYOnUbnINo0/uGvzlTabjwZ4zhHO4y4S6+f2zKzTmzch8NfmiPVCzbo5PeffAdoDi28DcmeIva8BQXBfJ762o673E/D51KvTxVarTcGeam2mS4OJHlcXEC0GYA4LRi07T3NnL13tSM8bxQjXh2dTC1HCMQAM0wUwM8MIAjSkAhcgAT6oSARtQcUCsr+8HbRw9B9QNzFoGVugJJAAJ4XQDlRxbvJ23WxVbxK0BwaG5WZg0AEkWJN/NqhhF2rKcgJEiw7sOAxMEAlzXBtgcrpDsx6QbrK/hyc+Tu8ZdAnF8x7+Z0NhNOkC4gkj2tBJPvp9FecYDUcKgy1WNe2DIc0EGeMi37IGmaf3s7q08ni4cZHAeZknK6TEsLjDTpbT2UHE1Q1Mr+J/ma1juzHUmhxEEATfUbmyi+qIwyXmjN+GgLWtcNDv8dlRbR6TZjyq3ZHqMIMXB1vHTYyDdSTtWzPPG4S2xVPvmv8ANpjabnF0Fx6W+O6ckkuEQwzySyVKTrknODSBMWtffiOYVCcl0dWUcU0nKuOPv1MqObpFrW+ScYt9kcmXGltS/IFUo5hGgOkR6/5UlLbyUT0yzRcXwn9/bGuw+XS8Rve2iFO+xS0vul8Cul5fp0LQqkjTXa0n1Cco88kcGZuNxVX4COqWkCxt0UUuaZbLK9qcFw+yJVYLHp+nsrYvwYM2JcT8ktzCA0ZXEvu0kG4vJHEW1HBKuS5zjtUb5ffyLrsTu5iK+UtpkNcYzus0cTe5HzUHjlJ0ixa7T4I3Nq/Q7/2HTbSo06TTIpsawE6nKAJPsujHhJHk8uT3mSU/V2WrXJlY6UAYgDEAVd+KBWYWTuo2ICaKQD4ACYGud6XBzGt4un0AP1IU4Lkqm+DjeOrZqj3bFzo6Tb4KL7L4qkRH1Ehl9+H+AfXxcMpl+VjiT/KyRALzzuI68FCUbdl+PPKMJY10zfO2MFUoAeMIbsQZaMovJmfTqiiBWUsSyqBlcHggkEaEHSY0BjdMCF2s/MI4g6mxt8kCNG7a7QFbw6bZyNEOM/nJI2/pEb8VTOfodTTaTreu/wBiPUaTIGxhZouuWd/LBye2C6YIxIk3ggcp/wAfBSKPRN80zCyNTpond9EXjceJMYWx/MAS0ZeMcULkq/DOUXJK0qXkNh643NwLxebKEovwbNPmxutz5XpzYUX+nFQ8mhu42vyEp+t5i5On38E5EMV1b6d9gsPTtbUXHqPldSlKuyrBi3W49r+Ragu1oHUCSY2j1CIJtWGplGMljXFK39BocXSfv/Kf4SCcsqbSOn9wOwAymytVu+HeEDMU2PuYboHOMmefVa8S4tnm9dlvI4x68/Ojf8PQ4K3gwBnSIE36JsQelVckOw7cYnYWPbjkWMJ/GhFgQ8x3SIiiokA01QgBrqohMDTe9mKyh7v6Kbj6wT+ish02VS5lRx19RVmg3Hud3Xw1XDnG42o9tHxPDYxky4jUuIBMSdB/Sb7KE8kYK5GjT6aeeW2C5N0d2bh8E+hhsPUfSoYlxqVKof53w0NY0VP5W6f81Rmn8UY3SZ0tDp0sWTJtuUapP93RZYbHOour0TUNVlJ9HI5zgXRUBJY5xsSI32KtwUpOMnwjPr4bsUcsY03drrryl8yP22yg6m+s2m1teB5mtAdUA0a7LrqYV2RRv4WcvG5f/SOU97e1iwFsHM7MAbwAfzGeOo5KuXoa8Mfi3PwazSfaYdposjXNHoseROF0/oSaeIixO0mByn9knj8jWvaezt1+n1Y3ITvfcItIntnKmn9QL6BA1uZ662UlJNlU9POMO+WDpgReeFzoOH1U3b6MuGEIR+Lv5jnUybC2nLqOWyjaLZYpvhcdEqk7KIJnnw3+aqkm3wb8OSMI1J2LicS1ouYt6noN0oY25BrNdDHivz0AovBbYiL3kz68FbJU+jLhnGeNtNV62QxXPiB7CRliCNZG60440uThazNHJkuPS4+p0nuQ/D1hm8GmKzbu8o1P8zJ2Pw+acEil58rVNujoOFTsoLnDPUkxEuUxDgmmIa6mmBHfhTxSoY3wCigoP4pKQhCRwTAY4A8EABcQP8/RIRzr8RcQWU6unnNMN1mDEgjj5T6Ky/hIJfGcsqVVA0UdE/DrGn+Dr4eux5oPcHsIaZbI8z6ZP5oLQYG4PFV5IqS2s0abPLDkU4+DZuwuz6uJYyhV8KphqTnRVDpeRHlazK6W9HDS2yyxxTklCa4R28mrwwbzYW1KXjx87B9/MJSo0aGFotLQ6oapguzOyCLumTLnN/4p5msUVHGuxaOD1mV5M7tL8kVHY72AuZVa4OAkZi7M2bGGu0Nx7o02WUrjLsq9raTHj25MXT/Moe/FGaJMExUABjTW46iVom+Dm6WKczS6FrjRUSpnYw7o8rok1cpEknhzt+wUE3dGprE4735E8eI0PPePqhwsktU4UlT+fke1pN/io2lwTjCeRt/uCDw10HUX6yQPdWU3G0ZfeY8eZY5d9jzVGYaDgOJ+5UUnVmiWSG9Rdc9DsTWYxpJ/zyUYqU3RPUZcGnx72iixNZ1R0noBwHBboQUVR5TU6iWfI5sfRw/FTM5PoYcnQE72EpN0WY8csktsTb+xMXRo0MzX+ceZ2zmngW7zp0HNVXfJ2o4cePC4y68/U3juz3gZiGSBDxGdv9J49DxUmqOEbTh6qExNFnQqSFNEDHyFFtjH06ikmJhJTELKLGRy5IQ0oAY6ExWR8TXDWknQST0CBWch/FLtIPNMC2YudHANaGj3zFTkqVBj5bZoDHBzmgmASATuATBhQLzutHDMDGtjyNbkbyAEX2J39VEZVVOy6fiBxe5jWh2d7HFr4FvzDYSDChOG41abO8Uuk/qbH2cxuFq4fOQfGpGm6oXF2aow5mOzOJjMHO34KqPwSV+VR0Jv32Oezw7r5P8Awat2v2fTdjXGc4ZYkv8AELnn+Z52dAByiwsE4Y0puSKdXqXPFGDXz6r8gnahOSLWixN44kcwFfRzGzm3ahY3E1GtEAOsBAiwNgNlmyRafB3NHqIuMVJ8jhSzbW2VG6jsrT71z0Rce5rGibHgN4n9VZjUpswa2eLTw57+RFParctgc206dVZ/Tu+WZH7YisdQi7KyrULjJMlaUklSOHkySyS3TdsxrCmR82HyE/mJPUykkl0TnknP8Tb+oenRTIkqnSQBOwWL8Jr3X0yjUSdzI4QbcSoOvJ0tLL3ULXb/ALASX1HTUJMbG8ckoLyR1+Zuovss+zcU+i8VKZhw9iNweIKsOadT7v8Abba7A4GCPzN3af04FVNUM2TB1k0xNFs0yLKZGhjqc8kqAxqYC5ggYFzkEBjnoAESmIpe8OJimeJIHxv8JUo8shJ8HE+/uLzYkN2axo9SS4/AtTm+S3EvhNXc9QLTtvdTt1tfCsfB8rQ141cHtsZ5Gx91HoYTtDGtYC+o4Bol06C+gmYNkDOb9o97XBvhCp4lNriabDJDdrHhGyqnhU+zZp9fPA20k7N37oPpPoMczIRZ1SHSc380zpAvCnGKiqM+XK8snJju2cRJi0kC40A6/qplJybtbGZsRUe0iJgEbgGAfghqxJtO0ZW7RLm5Q2OclVRwpSs6Ob2lPLj93VfMi5CVcc52+x7aKACtooAM2kgCRh8MXEAalJtIsx4p5HUUEayHZbk8ACfkluRa9JlX/Q9EtkAuyjcwTHoNUbldE/6KdW2MNZmUNBiIvq43JJ80BlzMCVD6mxTSivd1z5J2DoUslR2aoYa4iSwgmLWB1nfmn8PqW48Sq2lyJhbsb0CmujjZlWR/Un9m459F4ew3Go2cNwUNWVHUOwO12VmBzTyI3aeB+7qtqhmyUqhTTIk1lWVMVBGwUAO8I8U6HZXvKgRGhNCGkpiNP72Y0B1OmN8zv+MAf9j7KzH2V5HwcQ7wYnPiazv7yPRvlH/VRk+TRBVFFckTJGDx1WkSaVR9MnXK4tnrGuqAExOMqVP/ACVHv/3OJA6AoER8iAoLh6j2GWPcw8WktPwQAepjq7gWuq1C07FxPp0QBHZRQAdtNAwjaaBBW00AFbSQAZlNAh2bIWvAmD0sbKE0bdDk2TD9nVaprf6cN8SZtOUC+pFiPnCgpOPR0njeRq0WvavZYpMawmC54BdY3cNdbo2u6ZbklGOPgoqWEkOBNwdf2ClVo5m/3eX5MlUv9M5XQRs4aEc+XNSXHBDNicvij+hLUjCYgCb2R2k/D1A9lxo5uzhwP0KTVgdb7A7WZXphzDIOx1aeDuahVCLlroUgD0qiYiV4qlYUV7mKFCF8NMRCxZgSgRzLvTiv/UvcdKbB8i8/Aj2VmPqyufLo5E5xJk6m56lQNSMQMyEAODUAPa1ADw1ABAxAh7aaACtYgAraaAHgDchAhfGYNXt9wgA1F4f+S8am8NHEn6C6RdiwufPgFj8S1gyTmJiXR6+UTYfE8kmr4Ne6OBX+wOh2o1pGQERxsdtIKjKNFmm1W6Tc39EG7V7wmoYcJsBrGWLbDXf1UuZcsq1OdLJGK6X8idodo5HZmZTmAJGsTe8bySndshql8KAYDtUGWVAA1zpkA+UmxiZsdxunVfQWDOnxLsj4jtB7TlY8homLDTbWUolOopT4I7sfVP8A7jvePkpGcE6u46ucfUpgdW/C6aWF8S/nqPcRxAAaCP8AihxtEHOmdXwVZtRgIOosVXROyS2nCYBEDAlyVkRRKYELHNsgicS724oxiHHVznAf7S7I3/6wrVxEglczQVCjTaFRQWhQQihbhc4RQbhfF5IoW4XxzwCKDcZ/EO5IoLYnju4/JFCtiGq7+o+5TCxhceKAEQBkoALRxDmzlPX9/WFFqy6GaUFSGOM3KkkVSbk7YiBEijgKr/y03u6McfkEg7LGl3Xxr9MNWPVjh8SEcDlNvssMP+HvaD9MM4f7i1vwJTtEbJ9D8LcedWMb1ePpKLQtxYUfwhxR/NUpD1cfolYWWeE/B10+fEN9GH6lFg7ZveA7pllNtPxG5WgADJsOEu+ie9kNhdYHswUmNYCSBudTefqoUWImhAx0oGDhBEWEARsbSJYQNYMdYspIiziHfbsptCg9jqhL5blaGOg+YG7yY05SrH0Qj+I55kMTFtJ2nhKgXDm0XHRrjeNDrw+B9kAJ4ZmIvw3QA6nQc45QCTMQL34W3QBY1O7WMBAOFrX0im5w9wEBwHpdzce4wMJW9WFv/aEhWiVR/D/tFxj+GcObnMA/7IsfBZUPwq7QdE+E2eLzbrDSiw4Nh7O/B4QfGxF9gwW6mUrQrCYf8GWz58WS3g2mAfcuPyTsLNnwH4aYCm0NNLOQPzOuXHifuFGwtlrQ7n4RlhRYB0QLkkP7uYYiDRYQf7QigI9HubgWmW4SiDxNNh+YQPktKXY9JohtNjRya0fIIESG4cbIGhxpBADhTCYBGgJ2Id4fBIYzIkMUGEBQUFAhHN+/1QMTKeA90DsYSgiNJQAyvSD2lrhIIgjiECZr2P7l4WuZqNe7kXG44HcqW4jt5JfZvdTB0J8LD025ozW1gyJnWClZKi1/hGf0t9htoiwpDHYCl/8AzZ/xb+iLCjBhGbNA9AkOgnhhAUhciAoaKIQBho80qAH4UJVQwmQwjkQgJGqAEJS5JCg80CHByYgjXcE7AxzkWAwuRYxweE7EKCixjwUCHIAY4IAxpQAVpQA9MAxSGIhAImAoSGYUCFQMxACIEYEDEKBGBAxyAEKAFQAhQIY5IkN3R5AehkRGoQxzkAMCBipiY5qQhyYChAGOQMRAhwTGKgD/2Q==', 'flower', 100, 1),
('P002', 'Hoa Cẩm Chướng', 'Hoa cẩm chướng hồng ngọt ngào', 200000, 'C001', 'data:image/jpeg;base64,/9j/4AAQSkZJRgABAQAAAQABAAD/2wCEAAkGBxMSEhUSExIVFRUVEhUVFRUVFRUVFRUVFRUXFxUVFRUYHSggGBolHRUVITEhJSkrLi4uGB8zODMsNyguLisBCgoKDg0OGhAQGi0dHR0tLS0tLS0tLS0tLS0tLS0tLS0tLS0tLS0tLS0tLS0tLSstLS0tLS0tLS0rLS0tLS0tLf/AABEIAKgBLAMBEQACEQEDEQH/xAAbAAADAAMBAQAAAAAAAAAAAAADBAUBAgYAB//EADoQAAEDAwIDBwMDAgUEAwAAAAEAAhEDBCESMQVBUQYTImFxgZEyobEjQsEU8DNSYnLRgrLh8QcVov/EABsBAAMBAQEBAQAAAAAAAAAAAAECAwAEBQYH/8QAMBEAAgICAgIABAUDBQEBAAAAAAECEQMhEjEEQQUTIlFhcZGh8DKBwRQjQrHR8RX/2gAMAwEAAhEDEQA/AOhrLxpJHqRYo18K2LRPIedcldNkGihw6+c2MqsXRKUToqHEJG6q5CKJtUuZUpSKRQhcVlzzezoihdlTK0WaQZzsKpMSLvEprsZ7RRo1BCumiMkKXtYLNoCRBuayjIqhrh/EIwU+OfonOJ0tldrpUiPEpsrynsSjepVhE1GoqSgYN3eETEviNlqCjkjZWEqE6FgQJSwhQZSs04gzwqghz3d6j7pWxkY4hShq5shaJNoWzee60aoI++G7J+uhXs8bhZ5KMoG1C7ARjlQHjZXs7oHmrRlZJqgl2zUEWBHFcZPihcGaW6OvH0TiVysshO6ZKaLo0kTHyCuyDTRzSTsYt3rSNEo2zJKSyiR0nA7jS6FbCyWVHdWt1LRldlnLRy1eovn1K2e1WgRauuCISZgU1dIgwrBCa0gUNU7mErmFRGqV4Sk5spxSMvJKDTYbSNaeE0Y0LKVhqlSAnYiJ1StlSbKJG/fEBZujUIXVcpObNxEC4oOQVEZtKRJT49izOp4bbkhdcUzmk0XbalCskTYG7cVmANYiUUCykGrAA1aMoDJgH0IC1Gsg8bZAMKch0QaKRvQyWwXGakMxuoZHotFCFrRdEkJoppCt29G1fVyCVtjKj1JpO6lKyioI2zLksIuTGlJJFfh3DnNhd+OFI45ytlGu2AnkxEcZxukNUrgzLZ1QeiO9gXOWQGo1BIdsm3DMrpxshNBLOnlWfRNMqUsKLKINbXEOHqng6YJq0dvZXXgC7kzjaEDTleTDGj05TCOpgBdSijnbFH1IKzZkjDKsqTmVUDJcl5DcR6wVoEplttIEK6RBsVrMhK9DJidzVwkbGoSacpV2NYV+yLiZMQrhQlGiiYm4qTHUW+i7wOlMLuwx0cuVs7WzoCF1pHMxlzYRAS72vCFgYbhtaUUArNKwDaEAgajZRCTOIW0tPokaHTPn/EahpvPSVzZHR0Y1yNLOt3r46JMf1SGypxVHWWli2Nl1NHMhC/swDhc03svHo0p2XktxsN0P2duG4hVhFRJzlZQdACv0SIvE70DmoZMiRSMDkuI3WoyuKTtnQlRNL0tDIBUqIUOJVSqR0JJBaL1TloTiFdWStjJBKA5qfIZo6C0vCGgK8cuiDxlTXCWOijdmz6wKrYlCNSmSUtDpmWshSlEpGRkBS4lG0M2tXSVeDojNWWqN5hdKkcziL3NykkykUTLq49lCTKwg5OkrZraGU8GDJFx7VDFxUgH0TydIbx8LzZFBeyHVvBPlnH4/lR4tn0uL4PiS+rexa4uIxGCTnr0QUN7O3xvCx4uTXv8AlGOH8afq7pr9J1k6ic6WgEhvmmUq0jeR4WCUlKUU6VV+ZRpdpKj6kS5jnhnPcN5jplgPum+Y7IP4dhjDjSaV/udDwTtVUdVFK4LZe0lmkQGubEtJ54O56earjzO/qZ4nxH4VDHjU8Ceu/wD0Le8VY90NdJgO9iSB+CqrImeTm8LNhjyktXX96ss8F2VEcbLswJPISi2ZK3RA4r2so06bKjD3jX62giZa9rZAc0iRkge6lLKqtHreL8Iy5cjhP6XGn+ab9EC87eAUaNTUCe/a2sGfVpjXhp2kSPUFSefSPRh8ESy5INa43G/v1sQ7X9sHARTeAW1Q6m9mz2Fpw9p6HBCXJmfo6PA+EY1vJHtU0+079HLXHE3f0zHOE/WB5gEQT5DZQk24qz1cfi4oZJyiu6v9DTh3FHuqAsGnBLncgGjMHrmfhCL+2iU/CxTyOc1ekl/P2Ou7M9qA9tY1TpDXgMaeTIho6uJiSfMK8cutnheZ8KyKcVBW3dv8ff5Leiw54qOIa4EjcD1I/gpH9T0edLDPHFOSqxinRK6Io5pSC9yU9CWIcQe8BLJsZJHH8UuHSuHK22dUEkiLVrkpUZgS4osxqZS2OgNRpRTAzQYToWzekcogsp2+VNjDzWoBOgvwGldE9EobA0TKEZIZoPAVOSJ0I3FcBTk0PFGaFSVkgtjbGJkgcihb0jCskSbA3bYSyQ0WRbp4Mg8gT7gEhRdHqfDecPIhapS10R7S/ew6RtPw2cmfLHytX2PrM/h4cn1SWw15xTvZZOxxHOOYKzkS8XwsXjvlBU2LMqBwaZzJafYAz8uH3WUjptqTiJcTvmtBByDtBwDE6ZGxBKDdiyyxgt6ZGZxGCYAnXI+Rifb7oUc3+qVtfiMUu8LgRq1AjlsTmJJ6FYrbk7KIfVcA17oILjqxq0QM4WplYxYQ0tDmk1HEOcGuBP1ATEnpMFGqEliTp/Y+odnL0Nptl0hrBLjzAGSV3RkuJ+e+Rjl8+UK3dUjXifbFr7d7rappqMyQ8RLBIdp/1AEOjy9QpzzWtHseL8GljzxXkRuL1r0+1f4ej5nxDibnH6jvqPm7nP3+VyuR9dHHHHpInVrdxcWxBzv/AH5JKd0M230U+KVNbKbozj0GoHB85DvjzTy6RGEWm0ydf1g0Na52trWHVpmGyZA9JcEK9CyyxinegYuRADHSyIfpBE+HUW9f279EDPKnFcfRpQuiT4Rq0AtI2zkgn4+yFUaGZSbUd0dN2W7RstaZboLq9R4EOkNDcnW49IIwMmCnhPijzPiHiT8ucY3Sim/7/ZH0C347bupGqX6GioaRLhEvDdWN8RldUciq2fN5Ph2dZflRVyq9fYepXLDs8HAOCNnfT8wq2mcDjJdo1u2ggoSMjiOO2u5XDmR142czUpGVCx2Y7uFrMEbTCAxrVpooAnUCrEmzFMZQkwxLFnSUuRSigGJrMM3dzqKE8ljQx0Bp14SxmNKJ6tfp/mE+Ag6qXFZOwPQ9bSFeJKTLFsZV0iTZZFUMYXHkJ8kW6QcWN5JqC9nM8R40NUjLS3LDuxw3E7EHqoyk30fTYfg1wV6lF9+pL/DIgqND/JwPqCeSGj3pQcoK+4sTNwxroJEkgA+e2fLP3Q5JFJvWyXUf+8OECqGGDmHGJnbylTq2RyZa+r0C4jxAToZAayc8yTgkn2+yNEZ5lGWmTK5eaROSC5xmcamcx5w4exTxSTPPyucsbfvf7dUOdm7YPmQyYkat5BaAQeX1E/8AStLui3gRUocpIqUGxUbpdI1ZbnUCIBHvyU12elcldsaaDLg1zS4ucGAiC2A0wZ8p9gU9h5+2Q7u7cHHXIIOR0zyCWm2c+XyHFN/Ydue0NSqzuwSynjwg5IHU8+gGyrOXr0eV4niKDlle8j9/b+fcxxK6ounuSWhjoDXT+o07PBOQ8bOB9QYwJySfR1+PmzRdZd37+34GbCmahBGfE0QN8n7YBQUdno8k42VuNACqxrWS4tAMfuJO0/3unn2hMMnxcmyPxe6dSlkjXqEhpJDRBaGwRuOvmhW6J5s/GNrsg8SrYGclp1ZmXTOdo22zyTwR5Pl5dbffY9xS/wBDmBukamUydJ8OWgcukD0IKVQuy2Xy1jUYw/5GOGXOmoQ7wjcwPrkRA2z/AOkGtWUwZpLJKOl7/MzUqOcQS7PijBGM+Kf4hIXbnOSknv8AwXX1KtQUml7vDLtONOotkud1wA32ARu9F1hUX82qboRfxCAWUXuA194SXEOeQzS0AgzjkOerlCPL0jjngx83Nq6XX7nRdkO2EtNOtUaM/pjS7UZ3l2xknA33VoTpUzwviHjfNn8zHH8/sV+KXBOFHNKzzsaolmhK5bKMVuKUJkwA2omPV2LJmJtwcqkRWZtTlGSAmXLaoAFBoqmbuuwmSNY3C572dItcJ4isQeSq0Ixi0GU8SMinSAVkyTRQtXwnUheJvxC/HdubqAcGyBMH+9wtKaao9L4ZgyfPhLi3Fuujk/2nfblyhLR9u1vQo24mJ9P+EtjnqtuyS9245HI6THPKzS7Jyim7YhesD2TJhsY8pEeuQfkJLIZoKUa9CVzweXYdmWNdA2LuYHOOadSrRw5fD5/VfdWv8jvFrNrLYU2nZ+oSZPjGfsB8LXRbN46WFxi/5ZnhX0aWGNI3PM9CR5DdC7ZbxkowUY+gt29rKoe0wRkeZnf4n4St7srNL2JioX1NckOJxBgScZ9pW5EeKlK7/sT+KlwAY4CQ8mY8UQBGrmBjHVPD2ed5snSXuw97ZuZW7s7uIDeRdJ0g+QmUCs19ffY8eGAUC4/XOfKDt8FF9HUvHXHfYxw6sKdJp+kPc6IOdLTBJPz8FZSpD4HGmq6MPZUquLmul0QDmMCdIxyCXbY8vpi3E5u9pP1xq1Tkumc88qsao8TyIZOfFOxOmNUCJzOcSQnejignlqNX7LtPgzKjadRxdqcdgQ1gB1S4mMQRk9Sp82tI9T/Q4svHLO/yX8TDW9GkxzWh0y4Q4ziRpc2OYkzKRys6ceGMGt3vX/g7UYO6cG7s2MfVGD8gH4QOt2oVHtEitfF2SY3kjoR0WrZx5PJbj3QXhIa1oq1DAL9Lekt0lzvYEfKzRPxpxpykx/s7w01qzqzddOkHOII8JJJ+lpG2CZjbZOeX5nkRgmltv0dNc1MqMzxkzanVCg0MYqMlZGAdyjZjL6WEbMROINCtAnIUoPyqSQtlFtYwpUPyF3PdKZUC2W23a5+B2cjWrXlbiaxRz1RIm2b0qsJibHaFeVm6AlY+2uWtxHvsl+YdODBGc0pXX4HO3d497g1/h8WDuRPIdQnTs+w8fFixq8XT/nQQvjc+6qdlWKuZ4pERM+XmEtbNIYvSGidw/mjJ0hE/v6JNV4NJzZySR5gNEz9/spp6IZHyi43WgjbcOa97XEVGOpgD/PrdAcZ2wQjVk25ao0tqbXscyoQHaYaT+wipJ9SRKyo0oSnGn3Zr3/dh1Nwjwlp64BAJ80LDyjCNIQvnlzGVRkENYdsGMCB6H4TpbOTPk/24ZE9MWbcFhB9wtxsks0scrYc0u8AqPdhzjI/dA5/n4WbodQeapyerGatdr67HOJABEunIJMgz0aYPysmPl4yyKvRdvqpDHO5kQIz/AHhGT0enJ1HRGsXl1WmIBZrJ65PX3hIjjTcpKujoeJhlsYBD3uadQcThrug2EwN/NM3Q8JvJbekjmKVUl5JcIaQXaTvjZmrnHwh6OdScpOukLWDWmtgQTIaMkNB6E5kDmnk3Ry+PCPzn9zorm+B8JeGiWtwMaWmMt6QfskbPWlGMY0tGvEGsEVbYZd+nAB8LQNRc0HbkPdHXo53yTVK2S6FZuh1NzyDrc4GCY1aQQ7yw7+ylsSD48k5dv9CTxO1dSfoJBGCCOYPUcj5K0Ko8vyoZMc+L6KnBbbv9FPH6btfiyNP7mxOZJGPVSnLjsbNkhHAvujsqlwQIbgAQANgPIKPzbPDcfuJOcd0exHRhtUgo8ReQ5b1JU5GTHA0FSHFrkwE8QEC+dK6YCMngQVUQcoVFNoKYUuC1BPMeg6Lhw5IxkbNahYtG7GSs2FRKNtSUpSKxgHrOgGN4xKEVZXHwU18y+PuiE4ODtR0+gwPWF0x0fYePwlBODtfj3+56q1522T7OixdjiMHb8IJu9mQ0ymQOrZDiPdPQHTETTa2p4XCCHRicwRHqpaTOacft7JFG7IGSGvaAx7XYLoPhcPMAAeydxPMw52m02k12n7MMuRqlxMTk/lLRZeRUrfQ5xC4I+o6hGCTMsjwieY/5Wp2XyzhBW9p/9E244j3gFFoGlokDoWiB9p+VRQa2zy5+VDJWGC0l+4W1aHtktB7vJktgS0gSDvmPhDovCssE2r49/p1+oNodp1HA+ke2Y+ENAjzUE5aXo8CBnBQHi4pWdZcBujEBseGNo5ELPo9eFOOuiTwSkG1S5xMNaXjTuS3YeUkhBM4YQlBut2JVeJPqVCasguBInBg7DbaOfNM4+zmxeRc+ElVonZbjqSYTaZy7xqn7ZV4C4MLqrjAa1wA5uc5rjjyABz5hBs6/GpPk+g1Hh7rhgezlUeCMCW6dQz6+H3SopJPMlKPVmbq70OcGudJ6k4GmAPb+AlLzyRxtxXf/AEAp21Md2NUucQahPrI+3JM2Rhhh1dt9iXGAO8eGyfFzMmYynicfmf1uK3s04XV7urTdMAPbPpMH7ShJWqOSSag1+B3XeAlcygeM5hX0gqJE2wJpINgoZpMhQkwocpJRwN42QsgnOXlLK6ISEkifUXQmIwIrQnonZn+oW4m5FMugrno70EZUStBCa0oBu1QY8SgKkIcRmxepVTpCqaUk2rol3bXF0NbuYnO++6ZM+zweTGcFTTdfp+ga1a4CHHyGypG/ZdbMODZggEZ5xuN5TDu2jd7wAYMAQJAn2PqsxNNpeyPWZMtAknIOxBGfxP2UX2Syom3bWOJ1EHGDzn3z1TxbXR5+eGOf9VWIuOmGuZImehI9d4906+6Z5+SorhOLr9w3ELnvdDQIDGBvTAED4RWtsfPkWZRxxVRigVpwpzvpxAnVynkJ6lF5SeH4c2/pG/8A68lpAdL+8LC0Ey6Mh0c2xzKTkdL8b6a/5X69h7ag0a21DPgdp8Q/xBygZIwc7ZGUEr6GlOGKD+ZLQqLIuMbe5KqoP2ePl+IYOopnSV8UqbWtB8LWwMco/gqMk7o+kweXj/0azPUa/Q24NYCk/vHvmAZaBiN9+cQD7J3CkeD/APsf7ul9L+4HtBFTVWDR4iGs2kjYRzjcykbPoZ44fLtLk/v+ZBvLLS9pLpBEkDkOQnqd46EJlL6Tz83jf7yt6FqrXtGrS7RqIDiDpPlOxMJkkzmnKeN7X0ph7biNS3ILXQ14kbEb9OuEON/mOvIlgp/8JbQC8rucRUcID5g4gwYMe6KjqhM2eUpLI+n1/Y0FY5I5LcTLM9uJrnn91mBc/ZvTBkRv5brBbUVb9HUcKLmjSTMbY5dEGj57PljOXKKq+y7b5UZCRYyyioSZU2gBJ2ajzaqahbNa75CUZMhXgyrRMyXWK6Ik2JPCqmTZroTWCh1tYkqTijqTDhxSUU5Bab0OIHIbp3MLcDKZs69WUBudmzK6zQEzNR5IgGMz6nz6hKd/hebLx3pWn+v6jlqQfqiA3ngE9EYs+hx+V8yKpNP3phbS1pfW4ggbmfD/AOfRUTLTzZX9KVX+ppe3heD3Y8LTgAQN4z903rQ2PFw/q7ZyVS+0OnSCRMyTzwYjYworshmz8ZdEq5qB2QMck8VR5ueantIYrVTUZTBEaGaBGxhxMx1z9kfY8Y88aYAiMAIC9LikFuBrotEf4bnTHNr4gn0II9wjFmyY3OCa9BbWk6GkOIzvzjlCKjZwv4pHH9O7X5B2sjzgROJj+yqxjR5HleXPyGuWqDUDlE5EUKdcgQhq7L/PyfL+Vy+m7r8Q1CvkSMc/Tmlk9CY2lJX1ZM48dRboMaCYA+I+yhavo+6zOOXHF4ZLXVf9Ezi1y2GBoM6fH5v5x8J4RTOPzM9JKtgf60upd04kN1ayPOIGeQ2+EeLTtEfmxyY+GS1Rrc22um0tAMugNb+08p9c79EYumDNi+ZhjxXvVev/AKPVqzab3AsFRgbpptB8LcS3UDk5MkdUqVuzonL5SaUbS0l9v57JdGk8nDST5CfwndHnqbg7k6HbhhYYcMkA+0JKOrH5EM0XJAqdyQQJxPtHoEyshPDCV/Tt+zqbCIDpBxuMD4OyWR4OSDU2kitQKlIRDwqALmkiyYtdXIC0UzMQZeZhVcRGylTyFFjIm39CMp4MLIN4YXXAk2Ih+VWhBgNQHoJSblK2WSGSUqNJgHVoVFERsDUuFRREbNGVyjxQVJjlG5KRwHUxqnXlScSikN0e7P1DPX/0p1R9B8O+IRx4+GSXX3/weuhLTpkx9I2AHOAs5HZg+K4ZTaf0/i/f/gWwc5tN7f3u06PP16f+UVLRbJ5mHnDd3/P0OU4iHajqEEkk/KKI+Xd0/YmKSazjWO0DkxEn5RJtNKkFs7s03SPQggEEdCCtKNhw5nF0V6LRl0BoO7BJbgcyTtPqpB8v4jjwtxivq9/brX+ANAktxsDAXRFUfMZJKUuSN9BT2TDW9I7oORqHQFNsxs1wCDNZI4mzxkjnn7LIKbTtCjxM4mTPmMZg/KHR2Lz867lf5mG0yMRgiCDkH1Wsd/EMtquva9P72FrN1OBaC3ABE9NvsstdjeZ8QeaanjuGqasu8LsWaZe0OJ6ice6ST+xxQyzXUn+oao0NENAaOgED4CMQSk5O27JnEbXW2R9Tcj+QqHT4ef5U6fTIbHJaPoEypwktLhqDyRtmW74kcvxhY4fPlOEG40k/1OnZVwlcTwEwVW4I5pfllFOhR1UuR4JGcrBZBlM0CypZXK5skB4yGLkSFOKHbOZ4hTMrsxkmKU7YqzYFBsZFNLY/FgxURcRuR6pWwso7FchUulVSJ2ee1OjC7nwjQLGKNVKyiY9SqKcikWN03qLiVsOysl4AcjenWPJDjRlKnaA8QtGVPERDg2JB9dwtE7Y+fKKSrS/nYo/h7O5doBL2uEuLsFp6N64KZpp2dXj+TLPOtRiv3f5itbgVw4sIpO0va0tfswkMEy84BkbHqEOa7BHycSTuXTa/cxb8I0yavTYbjrJ68sIPJf8AScmbykmuBrRYCO6DsAkk9VRJ90cPlZvnT5dFW3tQGgDks5EEjL7eEeRqPMwsABc3EIpWK2J1K7iMAn2KdQFs9QmoCP3D8KeRcXY62jXuCOSm5INBRTAydvNC/sYNaMa8+FNTFZTdWa0QMxyGfk8lRYZPZuaRimwnJ9gkdJ0hkm9s2FOFrCc7f8P01JGGuO8TpnkUT2/G8pSxb/qiuvuNWFoWO1Ez6Y+UaOLy/OWaHFRr8yyKuEKPOoTqVJKYw3a0wpSYyCVqQhKmMkAt2aStLZqKQMhTUQ2TbmjJV4KjIHTopmdMImrqXkgPwI7grnn2YeVkEJbUphEKQe5owEYszRHrjKoAJQCVjFO3s3ETt0StBUmau1NMFDig8mEp1Cg0jWO27sKUkPE9VKCCzNk39Rn+9n/cE4jumdH2f7QdxdVqNQaqL6hBads+S5c2Btco6a/c5oPYr2wsqBcX0ZDObSTLXeQmYU8ORtlNs5ao5rDpaMbnzXbBNq2D2WOHtLhgKckx0Gr0DsgjGt1whxbLXw7zEhVjXsRnMXVKqHaXkD0V48RGDcXAYP5P5Tcl6FoxR4iWZezVB5GDHMT6JJ1JUwrTKh4i1zA5uR/qBkfC5HiadFuVk2q4vzqHvgBViq9CtjNoyBiPM5/Cumo7fZJpyHaZA5/8Kc8kpa9DRikULepKhJFkHqbJUFiNVUQphlMo2FRCd2StYygLi1dKzkb5Y5RaQFJ7MonnOWoZIyxMkBoapAlagUDrMTIKiwbKaDZ140EFNI2UOOdXldnE8iz3eI0FMrcPZgFI2UXQzeswimFnP1mZVEKPWtHCRsc6CkQWiEEI2Tb+C6AiZGrGIMI3SYoSZWJl7EExqNWv0uaejgfgqiEaF+0Pguqh6un2IRh0cSdSK11cd9b9+WgPpFtN5B+oR4Xkf3suaWFxlrplro5S7qEvkbQF1wjUaAjq+D1gKYjolkige7rwW9ZUmgDT7kaUyYDm72garyQMJ7FaJ1/aOYJ5JosDQjawXAESDiPXCaa0AphrAGMY3DWlpPMmSfF7HfyUG7Q8UYqUGwXbxtyE/wApoNh4+xGlXVHESx3hrO8eAdkHoyO0trQQoyLJUJXFOCQkDQu23ko2FRGqVqtZRRG2WwStjmtS3CFmBPoBZMFCb6ICcFGuhEFDdHZAKieqMWHUQcIMdaNSUoeR8275eieUM2j9RhLLQUdjwi2kBcU8uzpjHRWrWAIS/OC4km44VnZUWYTiEp2EBZ5TGP6I9UVlF4mzeHc0fmjcQjbPyQeQ1DH9LCk5WUQKpQyspFBWvQVIyFkJcflz9R5sb8gQngzzpqpDnBml1pcgZ8DSR/sO/wB0Mjpj3aFuC8P71pPQx9kMmTix4FWhwstIAPNT+dY7KFuG13VHYltV7D/0nH2SxXGKQqfLZpcWwBIRT2GgFENAIVkYk8cqDQVSIsjl6TyHAjkZ+FV9CHQXDmjGAXgH0kLj+VJMdPQS9tu7pkeRz5qsOyvGonKUXGT6roZzs6LglE4PmuecikDsWXB0+yi5FqFXiTKFjJBKbQsMkMhsIBNTVhAwvUrrJBAuuEaEbFKldOZMGayIxvRuUKNYw6vhahrFjXRoFmzaoQo1nz1lCSu1yOCizwnh2QVy5suisInacOphq8yUmdBR74IJsDAPe1UTYp5sI2xWe7oIqwWZMJ0HkZpESs2YOQEtjAxQBWsZMUr2+VRMLJ/HrP8ATDx+059Cq4pU6OPPH2A7IH9WrT/bUoVPkCVbKtWSi/Qx2L+qq09AfiQuXyeky2I6K8qNpMdUP7Gl3vyHzC58abkPN0jnuwlwf1geZD/fM/wurNqieLtlu6pyVDkVol3FkScKiymoSrcGLt03z6BwM23Z4Tss/IYVAS4tYBt9TotJI/TmfkhdUZfRZJK2U+M22CFGMzol0c7R4Ud4VHmIOJ0fCrSBsuac9jxRVfRwhFlhVwKcY2pugosI6x0oGAXDgsZEa6qQUUZg2VE1E2jD2SiFIDVEBYcVFQgpgDXeFKEWfVIKdCmP6pbiayRQt8qkno5Ui/YEABceRWUix83PRQ+VsZyNBclP8sTkGZVKPAYYp1keARjvUOIjF61QhNQDRlQ7oNDJhP6shDgNyHLW4kIOI6Zmq5MkFsIykHtLTsRCPTIyVqjnuzVPu71rD/rb8tKu5conGtM14G7u7l7eXjb8OU8i5QRfG/qGO1l7+m2kD9R1O/2t2+/4SYY0w5H6AdkGlpe7lAHyUc2xcXbOl74FQ4svZ41GgFx2Albi2G62GoOD2h/USlcWh1sZt6YkeqCjbA3SOLe7vOLOPJrnf/lkflelLWI54f1Fu7ZK5ekdNHqdkI2SbBxDW9HStsyQxWaIRQ6FHMVEMAqsRMYZKVmB13lazCFWkSimKepU4TWY3eFrCAc2VrCAdRW5Go2LVrBRPvSqwFkIa1UnZYp2ai5ChTQI2S3YAtCkTC1GaKLLTCSzUeNKFhkFpsWMG7mQgA1NJYKQRtCQsHiDqWsrWaglC3hZmGu5lLZrPNZpTBSJz7fTd0Ko51AD6nC0XWjlzRqVk65p6b1w2/Ud7A5VV/QCLqQhek1qpLczDW+g2Sx0jPbOm4fYd20N57n1U5bLxjSG+5hAxzfaziGgCi3d0avToujDC9k5SvR0FgYY0T+0fhRkrZaMtB7i97pjqn+VpI9YwtCFyBOWjj+xAL69So7J0Eknq4rozaikJj7OjruyoUdCHKZkJeJgjWrNBoWuXkJRkhRtZOgg31UWwINTIhSbHMPAKwrBPppkKCIATAsBUCwUzDKSFjpGKrVrMxN26KAK3VKVWDFkieaCryEo6xjFzsVoyaaCFo2p04Rux6GmuQNRq4SsGgtNsIMVoM0pRDDkUPFntSI9GW1FgG4cgKFDkBTzymCma29IOMcwWvb6tM/hLLqxMqtEPtPblterUjGkZ/3Y/hGE+Sr8SADsjQD6jnkfSIHqVVlMcdnXaQkaLGly8NaXHYCUtbFlo+YXtya1cuPN2PScLvjHjE50d3RdDR6BcLZ0UIdprqLcj/MYVMO5Cy6FewbIZVf1cG/An+U+btIbGitWEuUio3TbhKEZp7JWUiLXlOUENQqy2TWKedbIWY2bQSmTCNoImZrWbhYSiVXcQnFNKTpQYUVKFIQkZVGlxaSsmFiNS0I5J0wUAdQPROmChY24TWCitSbJSEpDDqAQFBbJrDbN2vBQDYYMQsFszMIGqwZcUaA4mO7J3KGjBqeMLDphWwsYKAsBmWt5rUbiaVKiJnGgFG4hwPQoMw//APKFt3dBrgP8R7c9QBKTAkslHO0R+zDYoCBmTK6Mj2Vx7iUH3BG4U7GI/abiBFCJy8x7KmJXIjleqOO4fTLqrB/qH5XXLUWTXZ9CqUdl57Otoh9rqLu5a6PDqiephXwEcndFDsnb6bQH/M5zvvH8IZHciuNfSNR4pSjj1IpWgpBQkaKIG8LDHmgLAZmpCURnmkLAsw4o0G0LOyVgAHWsnIQ5BdGhsQNk1iDlpSWoaxt9IJR0LvYNljNi9zRwimYkuoGVSwH/2Q==', 'flower', 50, 1),
('P003', 'Thiệp Happy Bir', 'Thiệp sinh nhật dễ thương a', 30000, 'C003', 'data:image/jpeg;base64,/9j/4AAQSkZJRgABAQAAAQABAAD/2wCEAAkGBxMTEhUTExIVFRUVGBcYFxgWFxYVFRcVFhcYGBcWGBYYHSggGB0lHRgXITEhJSkrLi4vGB8zODMtNygtLisBCgoKDg0OGxAQGjAmICY1LS8tLS0tLS0tLy8tLS0tLS0tLS8tLS0tLS0tLS0tLS0tLS0tLS0tLS0tLS0tLS0tLf/AABEIAKgBLAMBEQACEQEDEQH/xAAbAAACAwEBAQAAAAAAAAAAAAAEBQECAwYAB//EAEQQAAIBAgQDBgMFBQcDAwUAAAECEQADBBIhMQVBUQYTImFxkTKBoRRSscHwI0JigtEHFXKSsuHxM1PSg6LiQ1Rzs8L/xAAaAQACAwEBAAAAAAAAAAAAAAACAwABBAUG/8QAMxEAAgIBBAADBQgCAwEBAAAAAAECAxEEEiExE0FRBSJhcYEUMpGhscHR8CPhQlLxMxX/2gAMAwEAAhEDEQA/AO8vJFCxGAG41AWWtW5oiG32KeVTBDf7BpQ7SzF8H5VTRDJcPFIkg4haFUUsxhVBJPQDc0iRorTbSRx9ziVu5iTm/aC4Qq/shag7IN8xOwzaHQctsN8XP3onoNPCVdeHx+ZP91g3TZhlU5iOtq4ASrjykCRppJ05ohZl899f6NMp4r3rHl9RVdu76EFwZjUSsqI66lj8qZGHXwH5yz2GxKgNJ+Ij2/RNVODeMLoau8nR4DHFlCH4cxPqTAM+kbVhthgyW1JScl2OBjMt3PlJ0gCYAG3zgVVVzg3LsxOjdXtyP1G0iNAY9RNdiDcoptYzz+JxpLDwWAoijRarBCwoiE1CEGhZD1UWRQMh6rIVNUyIoxoGEVBq8ELVCskCqLLCoQtVkLCmQKZda11gM2StcBcjZKcLNBREPGoQxehKZnNVkoQ461VMXgUOmtAiBuDtUxEwNLdmmFhPdaULLwD3bVAyANy3SJBRNbaCDOggz6c6zyHw+B8zvWcML2VXdrX38sH+XXUeenpWOba+6enonNwzKPPofQcFwNr1kMbwZwJtXghS7ptnnR/Uj3ooafx4bk1n+9nOnrFTZt24j5xbyvp6Hz7iODuAXCygMLzq66hgSpYAL0JaR5GgXDw/TzOmrU/u88cP1Rxn9/DvMpEa+QMcz710fsvunOXtLE8M6vs/jyWWG/iXoSNduv8AWuZqasLJ167I2QwzvWulyAxBuDcbEt/ENzG0abVx7JTcnlGCMFFNx+7+3wHPCVhSCZaZOokfLf3rpaFra1/Uc7V8yTS4DwtbzIWAqEJqiEmoQihZCKEsg0JD1EiirULLKNQhFRUIWNWCQKoIuKiITUIXWmwKZda1QAZslbIi2bLTRZcGryQ8TUyQyeqKMjQlAGLtzRMCQrfD60KiUFYW1FGiIYIKMI2O1AwgS8aCQIE9Z5hxN7K6UpobFnJ9tuGWbaWyiBGZzOUGSoGumwEke4rLbFQWYo7Xs+6c5tSeVgV4Pjd5QLYvPk0B3zBZ1II1OnWsbzjvHyZ1npaZ5korP7jDjdpi+dWTE2lssjtbYG6ELBkZrczmVpg+pgxrommopZzjp/z6dnPrfk4uLbzh9Zxzh/H0/k+bcY7MpdZb6NIbfIRM5mjMm6MRy5RWurVuC2tCbtDG2e5ceo24Nwe7Ki2rxbO5kEEQNPQmT0rNddF5cvM3UxjUkm+PifReAWWADORziTJ/D864N81u4eBGrmm8QQ/wTrmIAGYjcR85rX7OtTk1JcvpnMujLasvgNiuyZT0VCz1UQihIRQsh6hLRBqiEVZRDULLM2qi2VWoRFjUKPCoEWqiE1ZDQU2JRda1VgM2Q1riKZfNTQCc9QhBuVZTZmXoWwclZqiZBb7UbBkAuaoA1sNVoJBYajCLM2lAy8gl1qWwQdjSJBxZvaaljUD8bE2XhA5A8IYAjNsGg6aTPypVv3esmrTP/IucHD8G4LddtFIH3m0Hvz+XWufslYuDv2auuj7z+hPCSUxQC3MkPkJ3DDNHiHMGNjQNuHRovcbNPmUc8Zx9P1M+I4Ud8SwXO0OxQFSC2uWAfOKHxXhl07XD3elxz544yNZKKq23gE5lOgkkCMxiZiPKs26T7MyUZtynH4P/AERwy8/eZdnJ2I0J6Efr5VUo56C1EY7M+XwOy4cqMCcgV13HQz+ta36KumW6WPeX5f31/E4V7nHjOUwyt+DMeqNFnqohFCQrQMtHqEhWqIyRVkwVahZDJjVFkLUIi1EUeFCEWqEJqENBTYgl1rXAFmq1qiKZBNGAVJq8gNlHeoC2Z95VA5LB6ovIDfu0wpgF27VFF8Pe1q0wkMVeiRZqTpQsgJdNA0UBu9IkGjS1cpTGI3z0AxFc9URnHcR4X3d5QpzG6WK/e0MkRz3Fc6+qS+p6HSa6E4YlxgxsWWS4/eTmkhp30O/4EVltTS2+htU1OCcOvIa2LC3SMxgKMuY6TkUe3L9GlZ8jNOcq1x2+cfMY2sKt4BoIeAJG5ZADPkTLfMConKziC5/dc/nyZZWOltZ4/nj8h9hMJBzsZdlAPLbnHUwJrsU6bbJ2P7z7/v6nOst3LYukL+194rhjBiWQaac835Uepyq3gboIKVyz8TDD9oLIw4Bu/tBb5hic+X011pNdsfDSb5SG2aKx3P3fdb/It2ZxrnCtcusWKltTqYAGnnrNXVZ/jcpPorWUxV6hWsZwEcI4yt/TLlaJiZ09qCGoU5bcC9RpJUrOch9++ifEyrPUgfjTJNR7ZnhCUvurJha4haYwtxTO0c/SlK6DeExkqLIrMohUUYk9REA7+PRbotGQzCRpoZkRPXSlOSykOjROUHYukZYrHojqhJzPsACeca9P9jUckmkXCic4ua6QQKsSiTREJFCWWqEImrKZoppsSjRTWqADNBWmItk0wWypFWC0Y3BQsBmBoGwSwaoQW4inFsX3WqFF8M2tQsbWjRothQGlRosHu26BooCvWqzzQSKIaSxqLXrkqwBhoMHTQwYOtVtYaYt4feuWkHfE5ZjM5JOaJ0O5Bg6edYKlZCTlPhG291zSVfZa+6visDcU6EYgeYJtjQgbHSn8SUZLpv8AZmNpqWGdCcPac5mtgmIkqZj1irenhP7yHQvnBYjJ4Mm4KuRlU5ZMgxMHTXz2HtWf/wDPjhpPz4+BoWtluUpLI0RANgB6QK3xrjHpGNyb7LTRkEfbDCPdsqttSxzgkDplYT7kVl1cZOHurPJu9n2whbmbwsFOI8NtraK90pZbDRCgnMuUTprMmpbVFUvjnH7FU6ib1C954b9eOxSl9rfDlUyGuuwjYxJk6+g96xSeNPj1f9/Q37FPWt+SQPh8QFu2ntiMqZXk/EQSRp6MR7VklYlGLj2h8q3KE4zfb4HnaUCLTxIn3Bg/kafrGmozX9zyYNBlOcTLiWZlLpaNsW1ZpIA2EiAPSlWQ8SScI4+PQVLUPdlLdnCwKeF3bjWi/wBqyMuyMdwACNSee21MjHt7jTdCKmo+HleqOn4JjDdtZmHiBKnzgAz9a0UWeJDPmuDl6upVWYXRlx/BC5bnZklgeempE/L6ChvhmOV2g9Hdssx5PhgHAsMWJv3DmY+EE9BoT+Xv1pVHv++x+ssUUqYcLscGtLOeWqymeBqmWeJqiGZejQJoj02ALZvbNaYAs2WtCAZamC2VJogWZPVMW2YsKBoooTQ4IYYm1WhotijELFCUew+9Qsa2mphA+ztUYSLG3QsIExWEzbGPXasdkXkYmgQ4Nwdp9CIpecdltFreEYbjf9fr0oo89EaYo7U4W4wQKrFdZABMHQSfkT9ayaqE3twm1yPolFZyzK1hTaGDOVpW/wCMwICurKSSNRsN+opVSaXKaefMlry+DrUZOYn5E/lW5Ji8o179R/xREySl8HQA1WckLrPSKtIsuBREBnP7ZP8A8dz/AFWqHyJ5mHFOEW75QvmlM0QY+KJB9hWe6qNixI00amdOdnmRewNu4WVl0UqRGkELpEeRobaozjta4BrunXJyizLjeGzWdNO78XyVTI9qzXaffWoR4GUX+HNzkacYtscPdVRLG2wgbklSNKNpqGPPBVDSti31lCTgvALT2Va4rBzPMjQEgaUiFScfe7N2p1s42NQfB0OFwy21yqIA+f1p0IqCwjnWWSnLdLsjEpmUr1BHuIqpLKwVGW2SfoBcMshLaiZ3PuaCNfhrahlt3iy34CQKIWTVlM8KjLKtVFMwY0aAZdGp8UBkJttWmIOTZXpqZR4vTMgNmbXKmRbZk16rFmZu1AXIjPUwVuCMStOHSEuMWgYIKh1qi0H2WokyDbDHSrLibTQsID4iGyNkIDQYJ1EwY+sUqfngJYys9AfA8f3igE5biAC6hEEMRuOnWuNVqbFN+IuPzOjfplDmPT6Yze0zEMARM6ltDp0nSd66TjlKUTLnyYFfw55mRS8v1JhAfGT+yWN1dDvEgNH51n1MsQz8QoobtgUJkifrWvIG0ucMvQVTLN7SQKtF4L1CHqhDC4P2iHyce+U/lVeRPM2NLYQPa+N/Uf6RQy8iLtkYxZRx1Vh9DQJ8oj6ZZGkA9QDQSCRjg/gX5/QxVS7Kj0bTVFmZoGQEw5i2n+Ffwq59lwWUipx9oaG4gP8AiX+tBleo5U2P/i/wCJqxTA+J8TSwAXkydAInTc6n9TQyng0Uaadze0B4jxoraW9bTOhMMCcpA2/HT5iq3eaGV6TNjrm8PyBeJcfVVQ2ouM8QPI9Y1B8qtzxwi6dC5N+Jwl/fwG1q4SASIMCRvB6TzrbDOOTkzwpNLoIS7TkwGzVbtEmDknvKNMHJk7UeQGYM1FkU2RmokLbJDURMjLEUw1sVYq3QMADW3rVBB1q1RIjQyw66VbJE1ihYRlfGlKkWJ2wa3bjv8LqqgMsh8u5kjkZUQeVc+xRsm4PyXefobKrZ1xTXK9H0OcJiDJU8hPtAJ+orXW9tePQTnMjG8+b0pWSxJ2hb9iyqZLMkdc2caHpp+uubUrNbDXZ09rr11rSuUii9waGrLLVZD1UUIcfxm8L5sWrSs2kFmInwhifLnz5Vjs1ElZ4cUdCrSVunxZywvl9DLC8Sv/aEtX7agmSpQ6CQfMyND0oVfONihNdhT01LpdlUnx6jXiuO7pM8ZtQImN5/pR6i7wobsGfT0+LPbnBbDPJY9cp91GlGnlJiGsSaNmHKhIBYbG2wiAuoORTBIB1UEaUqc0nhjIVylFNLg0wZ8Pzb/USPpUck3wCouK5MG4kvfixBzESDy2Jj2FL3+9tH/Z5eF4vkV4nxJLGUvPiMCBO25OvnUnJR7Ko08rs7fIE4pYP2bKd1VJ6SsT+dDqOYsPQy22x/AF4ZwyzcsCUBJkE85k86TGCdefM1ajU213YT444NOzV4m0VJnIxUegj/AHplDzEV7QglapLzWRZxy8r3yGOiKyjmM+UkT/MfpQKyPiZl0jTTVP7M1DuX6HuEYhWN63H7NiWUH7pOUg/LL7UdTTbRXtCMoRhZ5rhgfA8Aq37jfcMLPqdfWB9aPTvxMZA9o3SjVFL/AJd/kdIGrejglw1GgTRGo0C2aqaYkBk89ECzBzUAZSjTFsmaNAjl1o0bgPEW6jAwBqmtCWg60lEiw2ytRhI1y0LLM7iUEi8C+5g5YurFSUK6ageeU+EmQNxyrFOr39yY1S93aA4y5cQ2cxEl2ViugZe7c6A7eJVMSfU1HnBa7CrFwZZOnrtU4wV5gvaOzNhjGxUz5Z19+VZdTJKpsOPY7wwbKNjoOUH3mtlazFfJAm7badR+NN2kTLZamwm49lqnAvJx3atCmIRwxUMoBZfiABIYiOeUiuTrY7boyfGUdr2e1OiUWs48v0/MGvXrdp1fDXLlx9m7xScw0gSygySANOvKk2yhBqUJZY2EJ2xcbopLyxx+477UElbajdmP4R//AFTPaMfdjH1f9/Uxez8KUpPyX9/QOxdzu1usNSo06TlEVsu/xwcvQx0x8SxRfmwSzxG8bYuCwCpk6PBgHeIJ5Vkjba479nHwf7GqWnqU9m/n5Al/B2LuGNzLLJbygmQQyLAmDB5UM/DtrdyQdMrdPbGrPHBTgfBrbW0uHNmkmQxGzaaD0odPQpQUw9XqpxscF18vgB497n28m0uZlUAAxGtvU6kfeqS3eK1Fc/6HUqH2NKx4T/n/AEAcdv4h2ti/bVYJyxzkidcx8vehscuNyHaWFMVJ1Sz6/wBwjq8cMysv3gR7itE4ZTRxK57ZKXoJMFhL6oba3FQTv8TageVZ1TZtw3hHQt1WnlPe4tv8Blw/BiygQa8yepPOn117UYdRe7p7mDPgUQMQJLkatB3PL3qQpUWFZq7JpLOMenBg+BUXO8GhiIEAHltFGqVu3AS1djqdT5X5lMHbALEACWaYHQkfkfenKEY9IyTtnPG55wHoKYCaRRopo8po4i2jVXpyFs8z1CjB2qAFZokATmpiBOlZKI3geJSowWhdzoSgq29MRAq1cqmWmad5QsvJ4vQSCRmN/I0iQaFXahYt2z0v2fZnyn6MaXINCTH3WDBMxy7xO4nQNzMaf81ytfOaSinwzfoa4ybb7CcJjQ+a3dJC3FC5jBCt+6ddQBHpWLTzeXCcuJLHq16P6D76PdzFdc/ydRh74gTpED0MDQjccq9RBJRX0OM2bPeG8iNwfQ6014RSeeggETHMbirxzgv4kkCpgmQDivD0uoSVDMitk30aPLzApNunrsxvWcDK9RZWmoPGTJ8DZQI9tEXx24IUTDEDf+apDTVQeYxS+hJ6iya96Tf1NuIYdSbcgE51jy/eP+mqs09c8b1nHRUbZwztfYDxwfsb/qg98lZvaOI6eT+X6o06Hm+P98hfcsXUw9oi62QgBlAEqrdDud4jzrl2QthpY2KT2vtccJ/r9Tcp1SvmnFZ8n6tDQ4BVwrIh0KsZ6859hFdCOlhLS7aX3ym/MwvUy8dWWeXkbcLwuS0q75cwPqGM/WnafTSrqUZdi7r1ZY5rzMV4av2hrvizZF0nw6yNo/hFV9kipufmy3qpOvwvJcgvGuEi5lckg2pYARBiGgz/AIRQ26VTaeehlOrdMZJLsIuYerdZnyZixD+q/wCk/wDy+lD4fBWeS726rw2TINi7PhH+K3/+xaLwyE3MPUcSmB4W1pPUsfdifzqmgcBKrVImDzUxEwYE0aYDRTvaYmJcSrXqMBor3tWgC2eiBPZ6Mo7IrRG7ALiV0qFCe9vVFYJQ0QLC7W1RkRpQELAUthpEldKW+xgo7YAnDELq2e2QNJOVwedKtnCEW5vCDjGUniKMLuAF1hIylpht8u5AMdQNqxX+FfTu/Bmiqc6Z/qgPjWBFiwzh5Oi6gR4jrGumk1z40qOXnkfdqXOOMB1/iANwqSIaGO8bhI9p+tdeVvKS+ByZZyScer2iwJO065p01385pV2plzE20QT2sx7PYg5ibhhts+bM8NGgLfu6T/LU0Nkot+K8/Ef7QdaS8Pr5YHaZrolYInUsTqVdc0DkCoJHmBXRqt8bLj1yjmOLKYHH+IqyZcrsJKwcsM2vzA9xVK7lxkDFkNjFC27I1Kug02At4i2oB88pBimO1blEvPkacf4ilpFuNJCMSQJkgW3DewM/KpKxJZLkwJsd3iXzl0OysATPdrHOJk/hXPepVjw1x6M1bHDlPn1Gt+7b/wCkw0PhjQDUEgD2+op0raW3RJccL8fJAR353x7XOfQHvYhbdsJMl2KoBrILmBrzCwPWrzXpadtaz3hL6vzAlJzl73mZYXGNBjYO5jSIzsYkfOuI/aepdr2v3U08cYw1nGcZXz5/A0qmO3kY2rgZz/hXnz8RI+tehpvjZFS6z/GcfQyNYkxRxLixGdchKjMpI1BGxM9f9q493tG7x8RS2J4fnn+DoR0kXDLfOBukEDaWEx6b/jXXrnGcYv1MUltbRhjCEhjoA0H0YED08WWie3kByxyB2MartHKJHUieXuKwPVJTwlwaVX7il6hF7I0AMCQyTBBIIEwfatcZ1z6azwLcJLtGl9AACSBIn23+lSzbFZkCpCk3kt2VZiAAikjn8PL2NItnGCyy4xb4RW1iUfbpMHQx1/P50mFsZywhkq3FZJuRpB359DOk9P8AambkvMU2icbhyqIfvrsN5ALH8hTcpQ3Adi1WBcWxqSVXeNWgggfMVzZa6zxVFLh4+uTRGiDi23yTdskbagmF/i1iQOev4+ldXLMTiZOCAvoT85ykfQe9HCeRco8EK001MXguGowGjvHojeBYq5pUJjIkxN3WhL2lbd2iTBcRhh3mrZW0LRZoCYNclDgJFWTfzoGEjnuLWm7wncECJ0AnddPmfnXmvasJ+KpPry/g6eklHZhdg+Hxpsq5PSRz8Q0GnzrJpZTlPZX5/t5jL4pR3S8gPtJxdb9nu1RgSyamI5yPc12r6ZRitywzm70+mCf3iLi3HUeIBjEyPCygwPMtm+XlQzm/E5ESXAKvESD3bqR8RJiMxkHTrBzD50cob47iQlKMsGl7iwBVVZVVwTufByKnaQG09Tz0mP3E1Ff30BldKf3mPeHccVAtq45QtKJvBeTzAjUZDvOpiirunDiK4/cNSUuwX+9ZvXAFYRC6BmzMEJYc98qgzMa9aTZbj3m1n5gLLfCKcEullBf4hcYgEEEZSIJnzUHlWDW6y1NRh5c5+P6G/TaWMo7pBnFcdbWRdPhcjTpOYuQD5aj/AIFa9Jr7LU/EX4L+9mfU0xrfANjsc1tAyDvD3gXwiczWtSYXkR+Yp0lFtNP/AG/6wXdLbga4hhcCOB+1yiRI+MgTI66EfyHpQXw+0e9GPvJfi/715cGrTX7fck+H2CJxi3eWA47xDpO4IUXGE8pXU8oHlVV2W4UJcvGU/q0+f/RF+zd7o0CKXuBSyZiZhoGZ4hhuRBn/ADEa05WVSsxtw335d+f0/cFSZlhT43DAgvn7uTEquhBI56zP3SOlFv3S48uPLHf8fkAuO/MCywA2uS82q7nKVZhp55SD5jltWbVU+Hlx9evX+/qjQtXKUUpc/EOwvExBQA6LKk+aiTI5SdelFVb4axjjy+HqBv8AFmwS5jVKd07nbRpk6GYbrtr5TRwuTSiwZ1rb2Kr3EHt2ifA1pXZSuoZMxCnxaaBWLT0bfSappWRe3z8n8i6LVGcc9ZNUsJlF1G8JI31KkE6zzExr5HyJxqlbc9cr6P8Ajo671mW4vy/NDO7xjvPDHi8JdROkwBryErM66D0rVLVyyndx/r0OPKKcmq+UTxG4gUZgIzDLoSFyq8TrMZZPXlvV2amNlnu8r8yPdWm2BcJe0L1xnljmGUt4QANBqu2ggTy3HRlWyNr3r5Fu5uOEHY7BIG+0W7ngME6yuQK2q9RBkD59IvUSqzlC9n/LIDiOKSVDKcoUDeTMMGOnMiNf9qxvXZW2P5myvRTlHLeGe4ThkR8zEkuimQCdRm1GmnhUj+X3a/DlOE8cJfmZpbq5OMg25bzIptj/AKZaMxiA4Y7CdQVEeQnWK0uzh7ev7/Ap4Zjfs+C4dsuVZO3Jmb6xpR1W8L+9guPD+BhbEozgfugz0zEADXYkBj8hWmEtzF44yCG6eUHzJifp+orTkU0dDlxP/wBzP/pj+tPwhm6XqUfDXzveU/8Ap/8AyqYQW+fqZHhdw73FP8rf+dVtQXiT9SRwl/vr/lb/AMqmETxJkBbqNl8PrrRKIt3yTwHl7y7FD71SimXKySPDF3x/2z71fhIHx5egvx3FMSvwi1881D4CZPtLXkIOEu73UVgWAk5yYyk7iP3pzP8Ao6cOdULXsn5na3OMcx8gztCqg21VtYIcA6ZhEH2mrqjRo1Kah7y4/wDBDhZqZxr3cCbiDhO6/wAUn+WCaR9teq4axh/kHfo1p8YecinsfxVUu21uQVZiGaASAfPpy10o7K1KScuuBW3jCR9O4stl7WQ5CCy5YAgHMPhjaROo6+dap3JboNepShnDPlvbzg6YTumss+S82Vg7TlYwRAgESA3+Wg0tvjJ5XQi+rY1g5ZeOO1rS4R4hGpjMNBpy+H6/MafBSl0Z+Tv+yfaMZ0tOTDjwltCW3E+qlD6k15/2noswdq7XZ09Lbj/G/oBdtu1X2TGC0iA57asYaDmZnlj00H1mj9naF6nT7pvp468kMt1DplhIUX+NZ3S/dJP7wUDkAYJBOi6fOa6Fel2RdcPx/vn+hzbr3bLcx/w7GA4PN3gJOa4rDQ5mgEwdR41J250mcMWuOOOF+H+he5bcZLYPjhAtWrRzXS9k3CATrdZRaiTspUSP4dadGLg3Y+MdfQKuW5JI60X7SXG7u0qqoa4YA8TvoEnqTp6CNhXPlvnb4jXHSXx/1yzcp1xrYgfilzMrfuW8xYna6WRouKupZQ+gjkVjnW3w3tcs+8+PkviYnLzCeG9oC1trpOZLVwrbICks4LKFHMELAJMc9taqyqUXtg+e/l8/2CjN4ywLhHGDjXZjcNsqzDK2hWdAABENlOh6zzode/Cgn3hcfqSC8SeG8Fe12JOGT7RnItaqwG5LQZA6EoB5a8iazez7PtCdX/I030OpqUXx5iPE8TuW2ZnkF2RFDHQh1DkkdYgT/Ea3V0xccR9HkxysbWDK9x2Z7owwDGB4vGilducwunkKOGnaaTF55Ow7N9k2t2W7+8We6wdkEG0oLB8mVhM6AT7Viv1UXL3Fx+p0IUPHLAOI4j7HfYOYF9mZXJHjCLtG2aWCnbYGhlV9orUo+XGBf/ylh+fOQTjfaEMpX4lLFFII1ZQS1w6/CpEebeVDpNJKMt3n2/l6fN/oHqLU4NfQTf324u9zbliVVkAhcrMqvqToRDGc2mpB0rqKtKKm+MfyYk35Djs5xu3m7m46lV+7LIC4jKD+9GwjT1rJdS/vpd+vy7wHCzDSl0grE8ZTRQZMRsYAkeMzrGwA3JNYlo5JvHR1FroPDTwb4fiyHDuCYynKHYjN8JEQehaY6n21Rg1FQfff9/MwX3RnJuINb4nl1a4SolROjTmgZTz1I8Xz5imWV9bc5/0Z1x2E8V46QwEgoc7EA/vo7o5J6AKY82HlRxypPPfH8hSk+BvYv58NbZWUd4wyEhtfCSGKgT4VMwekDz01ZTfz8/zLb902t8PCgAXE+YuT/ordHGOGBhHQgVoKLAVQRYCoWTFQgNiE8VEhU1ybuNKpdhy6KFaMDCF+Ot6USYmSOdw6ZLqsJnxnL5tsI9axT0a8TxM/HBthrXs8PH1Etriha43ejMSd9mAiBHL3BrNrNPvraXfY/R6lwsTz8PUF4zezwBrCXPcrHy/2rlaWiVcnlYOjrrYz27XkEwmBuWMOb/cEW3G854DGAxBOnQHzHWjlJW2OGeY9+QqqarTyuynZjGm0hYrOY2yIHJHyOAOsEH51stoUsNfEyqzb2X/tL4tZuItq2f2qOzE8gbYa2EJPObhj0bXXVeg0065Tc1jPXJepmpKKTPmvCkLpctjclcs7SW0+orqTeGpGR9jK3iwC62rjMLZGR51lJhlPnLewPOlOGUnJd9lcppkYYFbffYhycwBVNMzzsegBjnuPKo+Xsgvr6FyeWZ2eIuzC5ne22sS2nkJER7R1o/DSW3GQWsHfYZxcwTXMirdW4LTrAUEllBMbahuXM6Cs6pxxnjyM0lmWUc7h7pS5eyAlmXMrqxEG26sqgDYyH8XnFXJJwSfl+4aliKPpWMtLbQ5gWVLiltfjXDBRl85v5vUE1U6lFYj9CbscPk4exxa7exOOxUSEsG3bA+HNcvWUsgeRKsw9PKiVMI1KH4jZPKbfmB4zG3vshS00WsH3aDKNXvXDNy4eslgfUmpGtbt0u3+nkUpN4HOF4TjMMDiL9sWmKDvUhAzMXULdGQazmGYE6MDpB0y6hQf+J/Tvr05DeYe8in9oPaCziMCLNkh7g7tjO65TrHU7iN4JNY/Zegtp1ErJ8Ln6m67UwnWl58HKY3iBvrYgTmYRJOhjKOcnUfWuxXWoSkc5cZQLheMd29wQBlDQbcowgDUOpmZjWjlW3hph46Z9F4b/AGpGIvWiWyZhkHxaEgdAdhyHpz5ep9nb3uhheo+rUNLEjj+33aX7XdR1BVEt5VB+9m8bRPMgfJRW7RafwYbX2BZPfLIj4TdXvczH16Rz/Ix5VosT28CpLgYYniAU3HkDvCQx1lgTogG8AbgbncgASpV5wn5ApNhHCr+a2pVQPFKmB4VTZwIAnWAPMa86GyPPJUnhhHEONMEzq0CQAFPLXYjf1oK6FnDBSbeC+C4k7lbZBYFVuNOsubkKJ3iVJI6E1Uqoxy/oR8eZhx7iTjFi1OiZDOxabYuNPqSk+lHVUvD3Pth7VtyUu4pzbCBpyqAxJ031Y+4+tWoLdnAvHPJ9b/sxxhvWwvxLatr4iIOe4Tp5DIqmPMdKCjT5nJz6XS8jRXJpYO87sV0QsIDAqCSwqBk1CEzUIYYlwIq0LsPd8IqLsm5YMXxQowHICxeJ02okA2IVvjv7eYwM4BO0AkSZqSfBVa97kUth0t4tgzBlBOoiCCPAdOvlXJ9oqU68Q7OhpFtll9eov7QYRmufs7ZjKZnweIz96OUVzqYWQilYapuMnmIXw7EYp7IsMA6KAAs2m8CwAhWZyga9dBVz0sM+KlyviSEs+6x5Y7MjurbqO7BYPl3ABChkEnMJ35/AKOWpdVW6xYz0U6lOWEzi/wC0DsclkvfFxu6u3DMCTbZ/FBX7kjQjynWn6X2hG94g02vLr8BNtUoc+RxVvDW7Tsy30YkQRBVlbKRJGv7zTWxylJYccCZC/hVpQxYNKA66gGBBMLJJEc/Wmzy0Rn13sl2Ow9yzbxGKtd7cuITkuR3aq58GVOUKAATqAeVeb1mvtjY6q3hJ+Xb/AKzoU6eO1SfZyHbvszawF2ytgv3dwOzB4ZVKkaAxr8S6HUDnrXV0OondBuztYMeorUXwX4HddrQTLAuXLYYaHVbiNPPZAv8Al9tUuJYMDjtn/f72V4NhwmKRRLA3HZiSBEQuWOhCsfUigllxz8i58oe9rONAYcBnh2y5ogCSWYkFjoM5Y6/w0UVulkGKcpcA/CmtpgdB47zG6dh4bIZbX/uYt6lKqXPAU+sAnYK6tgXTiUDW2u2SVaGBFvUseR1Kn5Cju4XAzetyPqnbi0t3DFwwOQq0g6FSyyJH8p+Qrm+L4lo/V1/4t0fI+JXGCNetwSGyHwoGYxmghifDv9a6kOY4May0ma8G4SrMSG8NogwNzncsPTLlGvnWPUXutYXb/Y6/s7SR1GZT6Xl6gHaLhio4uIBLvDKYywwJOnTTbzpmmvlPiQ/X6OFMd0CMQgzF12kJPIATEexNOinjk4q9GLmsA2cxVpVVOkADctmHoD6ZaYuxqfOAfh9lmDRuDlPqNfxirbRcuzuOKf2ck4bvbdxmu20DOjFQmRRmcJpObTSd649HtXddskuH0/P4ZNT0+2OfM5DHcSIti0mgICkjTw/dHyMn1rqxr97czHGHOWeBOSdcq5eUxOin0k+9FjknmF8OvXFy5JdgpCgaywUx6/FNLlFPgGSXmeNnvGBmSqwWOhY/CM3nkRavO1Ft4Oj4fwhYGYZoaIOit4XaZ5DwqPm3lSt2QY88n1T+yzAi1YvR/wB0JPXurSKT/mLU+l5TYyHn/fI7WacGKg9QRknPULPZ6hMkZ6heQHHMYGs1YEy+H1Rmn4aRO9Qmo+ocKnKDkC3HrUmJaBMVehSTy8v6VUrIwi5S6RK6pWSUY9sRPd8SMSUGYQ3NQG+KPLeufVrvtEnGHGOX8V8P3Old7Pemw5POePkxBf7Z2nuZ7id3dHhzpOQxzCiSvX86KacnwKWUuT1ni9tiWF1YO7MQTPq1ZrINvsZCRvd4vYH/ANdWafDGp15Qqn8aFVzax5Bbkuj6xaw2S2ve6lVAyg+EQNvPTSfKjfs6ubUrnux0vL/ZTuazt4EuPxIMiBHTlT66Kq/uRS+SFucn2xf3g6Cmgg2M4bhro8eHtt6op+sTV5IEYc91ai1bzm0JVC5A7tB4lUmYIUEgbaRpXO1Hs6Fst0XhmiF7isHzrtCmMx983WVVtLIt221yqcs6jcnKJ/2plbp06VeeRcq7bk5xi8Ivwfhd3Dhsq2dddrghwCAwgaHXXqK0zjuOdZLcw3hfA79te/ZLZUPIcq5YNBDFToQDJG8Vk1Fux8J/t9R9de9eiGGH7JLiXVrlh2Qn7xUAMZY6nxDc86yvUX9QaX0OhTp6Ix5T+ecB3Gex1gqUVMQtoAC29tgfBA5NJ5DlQT1GorseGmviv/CLSVSWUufPk449nbluzeFr9qAZP7jiIkkQQ2igmIMcq3VatWNKSwzDfQ4zyvI5yzYv2gpl8i3M/dqWyEQMsgb5Y00rc4p9oW5KScfUA4oXuOzBXAPkwMDaCBpyooLCwHWlGOBh2f4u9iUa23dnWYZmBgA6kCRoNKy6nS+LyuzpaLWqj3ZdMw47xBrxGW24CmdZ15bR086PT0eGuStZrFfjHCBUPhjurhIG+d4kc8u3nWg55VLwyw9q6ZkHKxUa7jTefOpgnyZOFvZXB7tsoYGOZ1mPehnHKaL+J9Qvds8OMPcM5yyle6IYMSdIOm3n0rzkPZt3irK49Te9RDb2fLLqIUAyOXGzT4Z0nw8piK9Kc6OU++DTD3FykXLdwg7hWKiPMA68qhUs54aL4EuD/wBNyo2AlT0+IbGAKrGSSax2MMPZcvCWbio5GaZbmJaY/WtDKOQNy85I7GxatKrhi5coyJItqgMeBjmaMwO5OYwzRS0vgCmk+z6V2Px9hU+zW3UlWYg5lJuFiWLAAnz/AKDanwwlhDYSXR000Y0UioZiRULyWCk7CajeAks9Gr4Qx8Wv651nepingd4LwKOIPErzB1q/GUpbY8+vwFyhhZZWxeXJGXXUE+RIJ0+Q9qBaZ+M7G8r0L8b/AB7UgO5eIbWMnPmflWa6zV0zarjmPl+/mn64NVVensgt0ve8wDiF8MrLmmQYiaStXqL8Vzrwn38h60tVP+WM+V0J7TxGYEgR6kCtemrVWVGPDF627xdspPk57jeHQYh1XCrcVfFKM1tshnVlJ5RuNKLeovDMyy1wThrCXFCW8AQZPie+coBMTz59JoZODeV2Ek3wg3hXZsNeQXEtLmIyqGZpaRHQnmazynJrEcjYxw+Wdph+OObarclgBAI+L59aVV7Qa4msm63QKXMXgGusrai5/mUj8JrStbU/MyvRWryMwy/9xf8A3f8AjRfaqf8AsV9ku/6hFllP75Pov9YpctfSvPIa0NrHwexYstcIJLDLqQW8WmnIb0L9oV7G8d9IkdHJz2pidLdtmCMpQH4Cw26FhG3ptXGVcJzeW03+B1E5wgnHlLsU44m2zBoDSQwHk0QfauzoJSVbhL/i8f3+9HC9pVR8RTj/AMlkFx/E3bCC0x8IuHQaeEQF9yze1ZrbJ73BvgKEFsWBTheO4y0qi3eYKORKuPSGmBQrbkdy1k3w/avG3Wyvf0bSFVF+oFXao46BUmh81o2QbgBm6IBzaCB49BM6yPMzSHFbUuvPJE23yc8MA7GVtkidwJ9oMRWz7Va1lFQ0lL4ab+Q04p2dsWoW4biOVVgwE29RqCcu80t6zVVvDSfX4Fz0dHccpciE4AKTzjnuPLat1ep8RdYM6pUH3kyu2B0rVDoTe0Zi1BppmT5JNkdKEPhk2LAzCdpE/X+lZ77lBcdmjT6d2PL6Gl7hqsCLYltwBroACR+NZ6tTmaTNF2kiotx7FAtV0jl4Nfs3lvRLAElgZ8O4bmIkADzqNcCzpOG8DB2GnUgfSjwRRyPE4Fanr686HoaqUOcFg0TVVAkVGzTXCMeUFzVDRStQzFxULCMI4DGTEg0uz7o6p+8b61yfeT6Noj4vckt7epFdOiDjAw3TTkKrDb08SDY1JPlWTUJt89GzTSSXHYuuLB9KXVH3sobdNbcMOwPZy9d1IyL1aZI6hf8Ain2XxhwZI0ylyNrfYvDwFuO9ydADlC+uxP1pEb65SUc9mh0vGTdeyeCtCDahBrq77++np50FjUJPeuA4Qz900fAWAAVw4VUjKZYaiCGyg7yBqddKxT1UY5cI9+Zpjp8vDZzuNHi023EdDqK5m7k7EI8AzbUW4vaYRVbi1ENwu9DJkwdRZtp3JLgHMVGuusjL9YrVHb4M5Yyzm2zkrUkxZjcOrOMpYvqIzSgzCJP9JrHHGOTTW5Ri89fmzLiHDznJuJIY76ER6+lMuldB7s4z6dCE65x2tC3iPBV7qbZ1XUKSTm01yk65tNudFp9VK6W2zv1/kRdQoLMOjj3w2upjz5Rz1ANdJQaMu71JwuE8RiTvlykkk8t1FSabXRXu+p1HaPi9y7YwwQZfAW8MbSVA9lOlZ/ElJpT6XQ3b/wBQHCduMTZABt2382UqdP8ADA+lP+8yOcschCdtLlwZBh7SqektuZMbdSaTfWpctkhdKL4J7lbdlrtxgReVlCCB42HKNViJ0o44w2LWZSEbLr/XeuzVJuCbOfaveaHnZ3gS3yS4YKBuNNToB5zv8qwarXyjPbX5d/M1U6WLhun2/IU9pOHGxfCp41kkKxgBT8JYiJ56Dp502u2eogpR49fmaaJafTbvEWX5fIAxyu0NMkc+ekf02FNsq62mWi+Kb3fQ34ViHUEGYI0MCZjz1g1njS5NccGmzURinzyGWUBMlR9YPnB2+VL1krKkoxk8f3jIjSKFjbkuRubGdAwQZp1AnKYAAaB8JOuo5r507Q6puO2b58gdZTFPMR7wPghHicTI08idjW92wa4ZijRLPKHFpYFOzkHGDRLlRlpjG3sKE0x6PF6mCnIWvdQCTHvXHnrnBe9I1R0294ij1q4jbfr3qqvaam8RefoSek2fe4+pv3QMwdfejhrnO3Z6FfZ0llGeItXDzOnrpTnZHtwAcJf9gC7gXIOo+v8ASj+1x80LenkC2+HXByB9D/WjWqgA6JguNsOu6/hVrUVt8snhWLpGvZjCo5uXLgk28uUHYsZ184gUjUaiCg2n16DqapZWQniXHmFweLSQYXmBvr715+zV3Wz35x10devTxxjAu4zxBe8VxJ08InUanXTbnt/zdWbG5PrPCDc3VDw12+zPB8aZryhv2k6rmYKJg/KSdPnWzLnLAEYKNbY6PH7FxCpJRtoIO/SqtalDhFQpnGaaOUu3Aq5g+ZASs7Ec/YTv5+2Wdb4XmdKFibwyUvA86RJSQ5I2VBS9zL2ko2sCqyy3HgIW3dd4LlFQQBPxE76A0W5bcLkRJxjylnJGJ4Yp+FiH+8hIP0MH50+m+aWxJP5iZxU3ueV9TDEYriOHC+O3fUyFt3BFwqI5jRtdpI2NdKNlLilOOM/Vf+GKdTy9nP5f1i1u21qTbvWbmHuQYDyuvL4ht5yaCPslbt9csoTLU8bWgDC4q2WZcwlhplgmD/DI+laLa7I4eBKaNuEWC12FZfCCZMgRtz23pV1qjBOS7BhVueIjTGdnnZVyFdjJ8UEk6RE8qxq1Zzg0bGlg5viPDbit3bL4ukg6GYMzMaGtMJLG7yB2OXCK2cMyhGjT5QNY1M6VTknxkqVMkstDDEqri2D4SNTJO5A1AHKNz6Rzk6a1luXQqcscR7GJ4Gz/AAupJ0HTNyE+fpWj/wDRi3hR4FfYn5vkbcBxtu0lxHuElTsQAfCADljfXSCZ0rDbRNz4XZoVsVHvoR462b9x7gAEkxJEhRAGh9K69FbqhGJz7LFOTYvv4TKdeev1NaUn5iuGV7mdqsphVjDEETt5+Rg6UmcVPhhwlt5Q8XGIFVFOVo8JEmMrHnymDSp0/wCJ1w4HRn76lLljbhvaBzo6q2kTOUk+dc126itYlDcbl4UupYGtjFpdZl1DKdQIiDMddesdd62aHVN5jNYeQNRpG4Ka6/glBqR+vKuq5cHKjHkPVtB6CiQ7J6rBFww5Nebjstx4yW707N/vx+5nBsuHiJgDz51UqLq5+44xh8vxCT3rlNsJskRMz0relBvf5lKMlwwi0TrIMEQYp0XjLa4KklgTPYYmAx35ySR0mvLXVaidks8eS5xk1VyrjHnkZ/Zsq/EZjbbWurTpFpa8ueXjoTKW99YOJ45cuSZZhJMrqTp6bUmVqc+MmiMW6+kLMJxC6hIllRt40M9etDdslH3ZA1qSlyibTA6xJ6nWfWssk+jp1bfMsbgFxWZcwjb+UqQPQ1u021JHPv8A/o8Cp8M1tiGIdJkFSMwMAhomYIK/oVWfPpmiDDcPi1u7tLD95NW/nQwT6io2xia6Qt4hhpkIdDuNQfryq4Tx2GogOF4ZeX4GcDpqw+Qo53Vv7yQcIyj0x7guG4tt2gdShH4ms0pVeURqsa7Y4sYHJBZgT5kD6TWdpvpFu3IVhsNmb4ifJQT9akaxU7sL+Qw4lLQ0XM3LpP5/SijbGHEVl/l/sS4Ss5bwvzFmAt3cRezuCQOZ/wBIHICnRhKby3lirbIwjtiPe0GBs3VW1ctq6qI8QDCT67cqHWal12RhXLDiuWvVmemtSi3JdnKYPsZh8PdN22hzfugnME3koDsSDuZjymhs9paiyvw5Pjz+IyGnqUt2AxOHtJZSRMgmNY5j6Vl8XKw0PaSNL+Gu5PAykiDliCxGnIxsTTaFW3iXAi7d2kc5jbguHOyqXLS0gTvMajSu1XWuV5HOnN8PzDMHnLayy9DqCRtIbzjTWIpHg1VvKfKNM7p2Q24wHcVsWrkZVKRox08XQkbA/rlRQlh5whHhN9M0wuGAAyOVMgqYUwRtE+tHDZF5SJLe+G2E2OzrElgwk9VI+o/GtKm35Gbw8eYPi+zF8HNAYfwan23rXXh9i2pRXCFt3h5J0GswQdK1bMrKMqnh4aN7PD8vxH0q1VxyC7c9F8XZYjw6b/U9fWaF1N9Fxml2VwOEIYSdjpG46n8aB17fvDYz3fdGgtC3BaJkARABM9ax6icaobpd/ua9LVO6zb+PyMlxzG9mXLbc5QYEkRIBM+RPsOgrz92qs3+JjB6WGmhCnZy0snQcKdsoZ5zbNIjaYNd72e7bK/8AKvl8UzzutVVd3+LoYq0j9b10I8cMyZzyTRlH/9k=', 'card', 200, 1);
INSERT INTO `product` (`Id`, `Name`, `Description`, `Price`, `Category`, `ImageUrl`, `Type`, `Stock`, `IsAvailable`) VALUES
('SP1754204130229', 'Hoa hòe', ' bánh bèo bánh đa', 1111, 'C003', 'data:image/jpeg;base64,/9j/4AAQSkZJRgABAQAAAQABAAD/2wCEAAkGBxMSEhUTExIWFhUXGR4YGBgYGR0eIRseGR0eIBofIBoeHiogHh8nHSAaITEhJSktLi4uIB8zODMsNygtLisBCgoKDg0OGxAQGzUlICUyLS8rLSsvLS8tLy0vLy8tLy0tLS01LS0tLS8rLS0tLS0tLS0tLS0tLTUtLS0tLS0tLf/AABEIALcBEwMBIgACEQEDEQH/xAAcAAACAgMBAQAAAAAAAAAAAAAFBgMEAAIHAQj/xAA9EAACAgAFAgUBBgUDBAICAwABAgMRAAQSITEFQQYTIlFhcSMyQoGRoQcUUrHBFWLwgtHh8TNykqIWJEP/xAAZAQADAQEBAAAAAAAAAAAAAAACAwQBAAX/xAAwEQACAgEDAQYFBQADAQAAAAABAgARAxIhMUEEEyJRYXEygbHR8JGhweHxFCNiBf/aAAwDAQACEQMRAD8AUs54VqYh4JAATqdi1HfleAbPAwD6pDl0ZlWGguwOtv1O+5vDv1HxLmJMufNZSQLGkVvwP3wM6YrfyxLr5rNvpIDNtyaPbtt7YUrgttIg5gDpniFSghZShFqJAxuvnvt74utI6Fos1qkQDYk+tdrFNyQfY4ESQxh9XllT9OPy+mIo+tS61SRtUY2AajpHwedsFzD06vhjaI9EjIo1Fq9W9kV6VFHYAdu+LzsmTUyOiyS/0lgqp/8AY92+Bj2PqOXyyll+0mZVo1sNSg2DgDD0eTOkzzyCOIHd22H0XACxxF1vvLs8jTq80h4ID6lYAXwFB+98DbEce6tC+ksh1qRYtHqiPb6Yldo5FCDeIbJVj7vpBF/TFPqs4XMwHcxrFpY9+WsflYxP3gYleDOBskQhlpmJKkcDnm1+vvjMx6fUeOPpjVEOqg23BPx2P9ji8o96o485tjq/WJmmRjeRgiKXetlUWSO+3xjTMRH1Iwo7qQRVXtRGGHp/Vo4sv5SWr2SzUvJ2FEDUBVd/fFvMZaRxHlvOiVbV23Prc0yjiyxOwPsMAuXxUBHjDa2DvA3TMisEQiU2eS3uT/zbHOfHOaL5yQXtHSKPauf3vHRs7KY9QIIZNVr3tQf845N1JmkkLEUTj0Ow3qYtzGYFO5mZGUMwV2ABoaiOPrQ4xfZQD9nIGrbY8/rvgNJW1WNhd+/fFxMlJEqSkABmpQTudrPp9tx+ox6DCNZRGF2lzcICxHz4ASXseqMVze5IP7YE9WfMSC5ZNQH4eAPywU6P1JhnIytIgADg8EHZv2OIuv8ARpY5pED2FY1tyO37YEFtjA1VUXI4e5xbisC+B7nGk0bpyKOKxZmNEk43neFWqbZjMFjzti9D0tvL82wRv9RXxjMrklQa5DQ7e/5DB6DMRkaUI0Ha/nsT/bGFuggs3RYpORzjxpSa2wc/0cgvQsH9jinleiTM1BQfemBr60dsFtCDCR5fNsBuLxeXJySJdFQffa8Hcpk4ck6NqEpJ9a9h7V9MVfGnXvNdBHso7YA4+sXsTtF/LZSj61teL9sGPCwaKbQqASTUIZWtdBvkHYaTwT7CsWJMsvlKfMXfn4/LvhmyqgPGXnEkWWXXDJIm2mqoAkj07HTfYYmz5iq0whK5MW/GOdy9tDHGrupA88k2ADYA4Hck7ck/GFCRD2GCfiPMwGZjldflkk+urJO52AAq+NsDFlxRhTSgH1jADNPL99sbI2ghlO4xJrDcjGCHuBYw252rzms+bZzZPPOJsp1J02ux7YhzEdfhIxvAsZFHY++OoTjREKHxCOyGvrjMUP5Ee+Mx1xenH5TpvT8kHBL3oB3Hc12HycKnVkzxkaRUZBfpWM2FA4G2/wD3w7ZfhKLIyXup7nmwbVhx+WA3Vel5h2Z5ZmkQWQIxpAA33A/584ixdox7jrEKQJRzXW4bRM1CWBUfbL96xYNjg8DjFfqfQI7pJFYnhW9LflexxJDmrhKCNWYyCie3pJG3fcHFPqsEjyMFBLXZI+nJPYYajmgJoPFS9lcgI9BzDqCECrET6mKr+IDhR79+MEeuxHOLGNRQKPTGCAt+90SD232wBXps0xiRbdipVm3NUx5P54OJGI2aINZjpWPzQJ/L/scK7QzqNamY5I3EH5aJYZ3y7MdhpBP9Wx9vri9mI9alKH+QcUeu5EkecpOocj3A7/UYN53L+Wym9mUH6EgWDiXKQ6jInSLbcahBvTgypT7Mh0H6cqfkcj8hghLnFSKiu2q9XsDsT9OP3xBJmDVbabGo/HH7Eg/liOSIspU0NiDfxzhRIJDefMy+sbeiSTzx+QkCSqlX6FsBj97USCT3FG8V+qwfy8oIk12dOpQdqIUWOQ3qH6HAnpeXlWOPS0iEj0sFJJXlV0jdj7CjV74asp06bLrBJnr8uZwpUbFC24V6qrA7cHbvgW7OxJ245NyzEdosfxX6qz5iMQn1vAFND/c3x7bYRM0ZYgjTxq6N91gQfu8jUO49sfQk3gHIZiYzVIwoIQsnpFdr+8NuQD/fA/xV/DRXhSPJ6QI38wJIxO9UKbc97o9wMepgXw70T6Rze05Z0XpmUjYMUDudyJNwhqyNPBrize+BHjrLtG8QRCI1TYgbamJLfnxgzkemOuYeKZWVksuDsbBHP/N8RePetSRvBEoGhYy5sWHLsb/QKBhoJ1V6SbGSX3iSszchjeGTxB1FZZrja7jQ6gTzpGob/OLUng+aTXeXaBkjErHUrJpPBBDc7H0jfY7YWs50uaIWRqU/jU2P1xoZW2BjSLFS5Hm22sBsbtOt2V0n3oYAxuVN4I5efdSSOQaO/HxgTjrcQSlTbNdJnMbZhh9nqCgsaLFtxpU7kAUbGwsYk6ZlHrcUOxOOoJ1MzwnzMzExkAuks/CfdAHvtxVYE9TyERY+Tr0Db11d9+Nue2EJ2gvakbwHyGtoo53MSGgdr5I4NcHFeOXyvUDv2xd8Qnywg72f0wxdD6XlWhWeQK8jREHS4k0lr0lkIGhwKoA+/fG5H0LbcTFFi5L0DoLSRh5Sj36/siHYIV40CqcGtrvfg4UuodOj1t6mFtQFft8Y63l2fJwQrDu8UfrXSGZWYblCtlib4P8A6W8j4EzHUJjK8MkGWkk1F5CocA7s1Eb2brbuMK7P2kszXxGaa4gXoPSNYnSSASKsJIbVRTcUw3Fnn32vbBbo2TabJ5dMwWEQjOo6lQMqsSilzwoWr2s+kdsNWZ6VDDFJEIkUxAqMwHBd1Q8kAm2IJ9PY1xYwg+Luh9QOWGedPLy9hVhBOtFI2Z1ra6s2dr7YHxZ3KrwD+VDC0KiP1OaJ5naGIxRFvQhYtpHb1Hc4iCfOIiScblCVBvjbHpkQiJJQxJBmq2Kj4OKqRseBiwcs1ccY4CCa6wgr7WFv88aB4idxR+mKsMxVQMeT5kP+G2x0DTJ2jHY4zHqdOYizQ+MZjKMyx5x/y0zACjf07/8AnBLKZsMLBv8A57YFwNdg0NJpWFBWA7e4Pe/nEc4aM+YnH4l9/nHiZsQDSWR9Y8Paw/kEIWo1dBSDyD2FE/THvVyYI9IX1NQeQX6iBvTcVzgjBmwy61O39j7YprnCNaNRX2bjcbYq7KzOCh5E2zVSl07OSJB5cTGPWTbDkcWP0/vjWbJP54eNKUngG/y98W0ysfkNLG/3JN4z8gd+/HPsMWVbYFTXcH+2AyZnxmjxMLEVchjkDAexGKr5k+a6sfvnUt++w/8AGNVzH2kiAGgSy7e+5A/O6xXysyPMjOCdJ9K9ifk+w2OAx4yGIHBmhaPpJUzJ10furz8muMFF6nGtskRketifujbf0nk/J2+MCMyRI41gjS34TWwvbjv784ryBy6gekKdXwfbY81xvhiY1ahdThXSdq8AdDmAGbzKBJGT7NWbUUvuaAA24A7E4KT6807xybQoxBIJGo12I32vv3wD8NeJZc5IoZwiILkBXeTgALvt3JNbbe+Gjp0o8siEhUS63ujybN+5xpCagFO2+wPPvPQx1p8MBZ1p8gkkiU8C27WTq2AF8AcDcj67Yt+FvFKZhTbEuNyo4C2a47/mcQeMI5P5dlMpYSDS6gco2zaSATe+EnpvV4+mRrEJGd5CX1KvK3Sgk+1EfUnEzN3ZGi78uZ3B52jB4p8PBp3zEJYmSvMDmqI4IY/A47UMcp/iDMss8OXhUyvEGMmgE6i2k6Vregq7n5OOjy/xDjnTymSRWf0kqAas/Ubf83GKfhHqGVz+bPk5F8u0Ya8zHqXb7q24amLV90jej7YsXIwbWQTAUDVYm46cOowII2MccqmxAgJ0KAAqrsq9wSfaqs3jjGXz8kDkRuaBIojkA91PH0x9Hz5WZgUEzIxHraGOz3tv6V52u+5rHCuu+FHRp5MqJZsrE2kzOoX1WAy1fqIY1aj8hhf/AM5hpYHz6/eGRKDdTy83/wA0Gk/1x7fqODiROhK66svMsv8AsPpYfkdjgJJEVbSQQQaIIoj6g4kl9LbNR9xtj0iPKCROoeD9HkRQl2inTzbAUs4BJJpWGk2vtx84nnaWUyrFnIwhUySFlr1oo9Gkb2TuN/6sBfAHUHkLxvnhG1elWjLFgAS32gNrVfJw8ZvLZddnTLpoRUBokykgMAWBG1ne+5OPHzt3eY+v5/kHTc411XMzTFGcMQTpQ1QJ2sA8E8XjqHg/+HXVcudDmEQSHVInmXvVXQU79tsXX6ImaywyIhjdg9RyKSVjBcM2g/hGkNZ/LfDfkOrfy4lhRWcoPSFrTGo9Mabm+1n6/GKG7XjdKYbbj9IaqKqUh0lFT+Vgl+18wkyfiBZvXZHAAoAfAwX6tks3Hl3EGYMkppVDABQCQCS1lgAvff6Y2hzrxCNpkiiBLNqBG97HVQqzY4JF4OZaYTqSFJja6a6sH274XiVCxDfF05HTr9+IVeU54uaGWkheZUSOMHVIQzep9wByNQ9PqauO+GX/AFIiQFlkeJt1YBTd7UVHqPI2rjEHjXpOWlgceXqeNGKxWacgbWo3YgD0ntjm3VuqZnpMMHkobdd5pnDgvQLALdiuN/35wAxMpGNTZ+32mXUVP4p9MykGcJykgKvbPEBXkte6/APIHbf4wpxMCKb8j7Yt+IurT5qdp52BkarIAAoChQ+mI+nZWVwxRNYG7KBew3Job7De8eyLreYeJWKMu4O3xgp0rPBvs32J2BxTkyZ0603B7dxiooN13wV1vMoMJPnJLYgdtvrj3JWSAg9R74mzfR5UslSVHJ/8c4kyBCgmjQ5I/bAlr4gkgDaXfLiX0uzlhyRxeMxi5N29Rfn5/TGYCLjFG7VsTv8Avi5l80F2bdbu/wCn3/6cB81m9PFX7EWP0xLks5r/AAgVwBsK9seVptCTJF4uGszCsaswpSeRWxsbfvRsYFwq7izRN17Ej+oA4u5slolQMOTp+KH61d7YHZcusZUgskYLFvqR88G8H2RiAa5hiyNpk5JGxKi7I96+v1P74s5DMjyiTtoNE/HI/wA4udPyOXzCNql8pq1KSCVP1I3B37DtibxD0AwZWTQ25kUKRVOCqknUTYFbAVuQbx2V1y0DtCC6hAv+oDyyyp95t2btQI9I+nf3use5GGPUGII3vYk84J9H8OPLCsWqJZSPM9T0AL4O1XuP1xr03osjSmHTum7kbhVvdrF2Ppd4IuuNhpM6jtUh6xEEk2OzCz8X/wCsVo9zpP5fXBjxR4dYMZUkXkKkQOtnUgAbqNq5N13wHmgcDdTqGxH073xXzgG0M2peDBZCDCEEoKWO2Gnw5kBDA0pW5JLCgMaN8AVfqNE8bAE4Wum5nLKoM0K6+CiztuPkUxv4Dfphh8LeL/LZlly0Xl2NBX8C1QU6jR9753POBXGQSsdhpTZML9V6MZER5M2Iyq7oNTfWiDf1298A+t9G8/MRecmmFBYKnZ0cFlCkbr6h+KtixvG+f8T5qbNEfZjLRaXdi1BQQSoFCwRQ+7ZJ/Zg6xnpZ8lrhy2sCtIcaCd6OkMaUUT+LYdiNgsYSpsbeX9ysaW384En8FVPJ5bNHEFr7IFpNRG6qSCEUD1ajd8YOeF/AcWSlUrNOBImjSXGn0+rhVFN947+7ViLwf4mnlzSwiOJ4CpqaN7/+MUwPIY2L1WPvDnfDHN1Vl8yRlZlB0xoi2xam2231EcDFOoKADvfT7zVG20JGAwISpAAJZjX6nbn/ANY1iyitTIkVWXUkXTm7agKBNk7dye+LkYBWtJWx3+f84rxdNA+5IT7ljYH0AAwfdkEaR8r49rnT5k/ifkM1F1KY5sLrlOtWT7rJwpXvsBVHexj3omRnyUcPUzDFLAzPGFem91sqQQtkHSd9x2sX9MdX8O5XNqq5mCOUKCFLiyL5o8jtxhZzP8OMm0D5RZZUhLBggYEoRRIDMCSC3qo9ycU5MnhX125/WplRH8K9Jy88v8+uWAEu0aMNEatbLI9A0RwBXpvV+TrkenwS63mW5I21hH0gJsQCBTDgkauLvjEw6RHlBFAYfNgjjWMNJpqgPU2n372Rzdc4q9GzEmWzEw/0+cZQqojdgCQwJ1Ci5bR6ttu30x5gxlsjEt8Pn0Hv1ncCQRdLMDyvE7AOAzBVWlF0fWDosnc1QpQTvhj6UImQLAVDDdyRdt3JO1n/AJtg00YeMqwUqy1p/wAf2xwzp/WeoyGH+YmbJRozPK7RkK8Y9QK2NyK0aR7g4JezkHWDseb5+UL0nUXlE87wzsh0p6SpI+8RuCfusAB+d4Xejw5+DLzL/MhhGZCtghtCk7jUK3G+5ok426j037NnLsqkiyF10K2POmjq1ajg50TJhIFBzZcE7FgNwAPSy+/J+bx2J2bwsN+ed695xG8RfCPU5JkOY1tKrSaTNMQh9I3FKCAN+3OFrxZ4TmnzRSFnEIUSOZidMWo01sd23F7C9xh28TxHLmOHKwxyEsQsKrpEanfUTfF2S35YEdS8X+VJKiQ/zE8Y1SOi+lFXvbC2rbt+uATWmVmQXftFmVuo+E4IHZhlXnkKaVjFui0u5YkA6ztVVR98aeG+jx5PL3LMMvNIWaSLWrPoA9CKB90ncmz8YHReIuo55XUzRtEKc3SMQDwvFtXI+ML8Xh+ZpvX9r6TMwWRR9kpprYn0twAObI2xSMbkFcjRcv8AibKwzlmiiSFlFroGgNe+4vc9tsLHSwRIddhgNrw/ZTOQ5SHRI7NrZ3TKsBarRUFnO4YgmhQ23wuTQFVtV1R2QpPIHtfxilH1IVA+fnFliBRnsMh998U+rEJGQigajbfXttj2GWj+xxmcf1BTuLwvGSDAXmWOn5H7NdRN1v8AnjMXxJjMbqYzCTIMzmlYVKjAE/hHH0PGLGbOX9CwFivdm2JP/ge2K+Yy0SH7SbXJ/TELAPy3f6AfnimGio7AEH0m7H/4g7YWqArQmadoUmzY8vb739vmvn/GK2Wz0kIEcG0rkMztuFVeCR9d7+mB2X89JFkYKVB7eoUPcf4ODWS6xB57KsbSk2fSPvMe7Dso7DgY3Hi0HaMVNPi5lTPdQaUxxRkkltNgAavyA2Fngdhh4kzMLsckxjAiRGaUuQyE76FADaqO+k7D3GF05yFcws0iqrqK0I1kjfkj0qf3wPEqRBzD5cRNm2YySH6WKH1wTY0ZdI5nAgTpWbV/LLHMQzelSvmeZ65FJBsqbQFaHJG5HY4t9MyscXmZcqjMQjSKZgV3BKBbCu1D59uccUSaZ21Euz82SbH59sdK8H9QyuZjCTyRnMeUNUx+yIC1SagLdloDUb4O1bGTJ2Yopo/oPzaNUgwvFAQ4OUzETSqzDTqGqm2YeobUwr3G4xtmvDMEqyCfLukqEHzAWYFuWIUGtPHxXHGCfhjoreZI2XzKmNhplk8sByRZWmrSfnYH9Rgp1PKwQxAKXZy4DMXpgpPq37CvavqMKxppprob9foP8habG4iH4wyQlijkEwmeMD1eUUJQjtd2BseffBDwp4My+aRPMOYR1Ad7XQps8DUtnavUD+mGnw90nMyO2YzLehlXRCWIC8HWVGwbih2374NZ/NhHSPS7aj+FjsBySb2H+MNRSniycX9fPmd3QZtUrTdPyMUYh8lCoYOBpLEsu4I5LNtiPO5cPKZbYEegCrFXW4OwP3t+w7YreJ+oq38vDq0mSdFIXdgoJJ7bAkBbPZjgZ41zumB0UUNYINDcHYj8j/cYPLkJFWKPEZYUXIVzqZOEsiJFIHuRVAHmh2Go6QSQe47DeucHuj9RgV/RtrUybGywJosTZ/4RhE6VkkjiaYayZAN3AHfiP3F1974wY8N53LRZguI6lZdAUCtJv1EksRvtde2EnIA48X9QUYmOr9TpiqAMAuom9wb2FV3rnjY4qdOIeZpN722BpbHevev1/IYtGKFmkeNQZSmkuoq1UkgWNiLJ/XAjIwrpfyyxXu/+4Eb339jW2GZXcOpU2PtGiFOo54+uLzCrkegrVi+DZBWh8/pi5kgUjVS6lVUAt71t9PqcIPW2fL5qNWjJWUHRKPUpKiyjN2YnURe1VXsG/K9QABVkYaV1FSL4F7UN9vbG4suTXWQV5TiBUr9Fz5d5YGiVpY5CCy7qENNES5/EVItRZsHat8bdWzMrAB4gqjUQQbBIBC+oVoJ732OEjIdXZhJmIxLahtMMepWdwxYa0AFkCr1bAE87Yk6B/EdZoIPMkjimkeSORCwCgLvqN7gEbC+TeMZ+9Q6bFbECpgl49WKShWkYCgShQigLFDQdt/2BODJnyOaV10iXSdLgOTpJHFBquv1wC6lNb+VKFY3sRd6dVGu522070ffbFuLMZeSX7VdQSiiDYvpFhmruAGIs+31MuLwkj6ibzzBnQc7LCcwgZkjUIkMbpQpQQ2lzsTVEgWBVDvgjmOsQRyokjrqcepZAFBKigykUPiu43+oLr3Tf5cpnI2UPJH5cbTM3lKZQNRJCkkckDgEn2xr/ABF8KoenLmZpCZo1UUp9Ds9LQoA6QNxwffFiYizAXA1UJL4jzkeW+1TNR6XOgLpDkdyBQvTY+9zvzhc671TLzmR4pYYnk0BkCvsFBAIYjve4qqGOa5VWiIkSzR9tj9Rg/wBM6HLmI5swBSpu10CSRfpXkgd64w1uyqm9xLkniGsjmcplQ3/9hp9QW18kbEA2AWPF1xziCbxRDAHOXypErqRrZtRXuCFrTs2/6YPZfMZWTJpGUZcvYcqW3DEAa1Y76vvbccdtsIPiLMoWK5cP5dbFq1aR/URQJ/LC8Krlc3fr+fxBFgiUs/1Z81KHkCa6AJVQur5Nct84YIerKYFir1DjuG+vzhVy2XBFiVVPs1j98ERkSpD+aG+nH649BwFG2wm5AJJncuytxpPOkm7B7g4ky0XmMhOxGx+QOMW+ojzwhTYotEE813vA3LTkMKNb0R8d8JYbWsUPSFMzACxOuvj8sZj0pe/vj3EveHzi9Rg7WJAQBpBPYWfmyd8FYshCsWrUwf8AAK2/P5+cUZJiGIVgxI1WO+/97xb0O6nf1HY17ewxentCZoNn9baVf1e44I+e5OL+WzSKp1OWrYBRV/liI9KVDeq2H4Qd/wA/bEhyGomxQrUGH53f57flgK3qoWraoFnn1MSorfYe2MzeaYkGzdUb7Vi0IY2LFFavw37/AKcYtZLpMjbkBR3Jxu021g6Aswo4M5OKMUu7G9yP3wU6f4bR5UZcwoiaJmLgFtLj8Onbcg+/v7YqZDpjeWkoZW1toCKbYG6Fiu54/L3wl8wqgYLeke/DH8RI8jCuWOXdvUxDKR+I3uCRXtth8TqGXmRc0dLkou1gledq7GyRfxjjWd6JOiCSSExrr8ss9A3f9P3q+arHQug9LyqRMIFbMyUA7Afe+EH4VJ7k/U4ly5CV0jnp7+gjsLsTRjj09kmjDF2IY2g40DbbbncHn3rAnN5N3m80F9EWtZF8xgJARuSEFgjkHc7cb3i3CVdjFGpNAiiK0Vxt9e+CGVVYItBddW5Zqr8z+WNxtq8RHHJHUjpvKSJvBoWPQiLEpX0jYcj252533xyzxT1SD/UI8osrsXVYirik1yMPu0ov3JvY1vthxdYs6Q2ZiDpCxMZ1bWLGsqOxHF/5xuclBNKGeJQFbUqkgm1qmCEHQAaNrW+ObLjyEA7/ALH7TGUkVAvWkSMhFjZCg0lkktSB/sPvua2OBSQGGQsrEMVO+ixR5tvuqAD3q+MWf4h+McpFJHA8bOLLOIyNqFAOLGq7PpJ7YC+HJlmVnGbjlWM3l4Wi8hY2Huu6aVB1d7PfCMnZ+chPz4/P2mcGo6eF+u+aSglaRVI3JAonsVHI/wDGL/W+sRZZyoj1O4BoNzqsCh90H6bn5wiz5h40nWeBmllIYZmNiRYUAESAbDtX5Y8zMskkLMVUTQvTSAD1UvpcMDfHYj6cVgwSmOr+kHXfEuda6hnc2keXyiyQiSzLK50+T5bFWRlP3msE0N60kcmjnVuqxy5cQyTMnnRsUkClCVjALtY+4vGzEWGA74X8m2by9smWHm7TxRFt5dhHMPvEhtJR+1Fb7mqfXfBHUM3FMYmXXI4MivJ94bVGjUFVE2JJA1t8KLoQFqUbfX5wxuLgjN9ZyiNAHmzHkspGuJlUkA7s7btbHc0ARsBsMHH8AdOEfmJC8izABS0hGjVuHDbA+3qB/fC50v8Ah7Nl1lXqKukWzIIwHDMOSJAaTbYgje/jHT06iph9Mfl6Bagso0KFGkaTu1jsO1HnCcrLh8KsQfTrMih1fOPKpXKQyNmQrKEQnSiADVYJ9RChaY9296wc6dFm06XAjRwWAAdDWd9gRzqkYmiboWecJ/VOvxSpIuWn1ZigGoNbKtmk3piovgWdvbDZ07r8eaygnih8tVcJpU2WqizEbWAb/Q74FVYYiWH68/5O6wRNmsz5JjzspcsNKQqoYMVrUS6/hFjjvzxgn/rORzeWOQdnEgXUpG5BU2NhyAe3tiln8vP56AQKxzWtWlUaSgX71FlIQUCbG5O2Hj+H3Q4sllioADyO7EsBqPqIUFu9DjjbsDeHYCWOo7eQgAHrOZ53+GOY0ecs0CRlA2olxZIuq02u+2+IfDOSjaIwtGY2jLI7pVySNZUNZoirquK53x0vxH4iYmTKqqO1eq2H3W2Hp5uzXx/YH1fppyymXJZR5WkbS7qdR1KukEC/Su3IG552wvPl70FU58ut/Sp3dgbxa6nlMxlOnNpjbySnlySekBmc1ek+oqCaFCuMIXSkjmIjeQKL3cLZVTySL3rc46B4h6L1CbJSLmk8qP79sxkYsh9CBFbYtZ3rArpfhvzyMxmh5ZSJQqrpU6kIILxGiyabB4274di04k8Wx3v3mEAmS9P6YkCHJ5pVnyrKzwSKFB+0/FZsxuPm9vcYUf8AQcwszwxESIqmWM2B5sYarT3Px9TjpyDzZQ5jg0tQYFgEBUEXpW6BFWo3B7b4WPFrZbKyTQ5PS8rKDrjehDqbUyIlEAbDYG6obcYDs2d2Zh+e/pNPEUWmRrKjSP6ef/eItStfBvv7YhgSXMOzMfWWtmO31P1xr1PKCIg+YNXxz83i7QL25ie6o7QojWOTjMC48w1D0j8sZhXdzNEJRaWluMEADhjvZxPmXaq1afers4HHLTeZrKNud/jti3K8zekgiuOLrt840g6rEWy73NYsqgIOvfnbkfrgxBISpQXxQ43Dc3+e+3ucAZ8odtbAE/1EYZendDXSXXNDQqAghT6i1jSN/wAJB34498C7aSCTMq+JTy00SMAw45I4GL/U8ysgEUeojuVAUfT5wP8A9MaSQjTq0iyVB/Nj7f4xZbqEcNIgDyfHC+2o/wCBhqttMhnok8qIuXWKF0B1FmSm992u9uAQRgzPmsqYlj2iWMkxmIkkMTbAApem9wSx3O3wtdNndvVNJ5aKbOkVfwFG7Htgf1HN5p7cZbTGD6b5o9zv6mPfCWwhuNoYY1G3I+JYFVk1edvt52XVtPY0S5/sMZ0Dxtlo2eOJ2V5CNok4INUAdhvXJr2OOePO+kqEKO3N3+2JOiZMRMJNAcKyl1J5AP3T3o98IHZlFkk+lRi5KG8+k8q0iQh9ILldTkkLvXsCRt8GuawFzfVHljSNkVmmB9O40pV02/JF4CdM8ZDPuYJQIlZT6ULFnUD1DXQCLW18mxVc408Q+Mo8vPpSLzpPK/A9BVY8bXbaRYvix74FkZyArGvKULkXTcqdDz2W3ECRKhdUq1UP3e6HqZV4G+9/XBGDxAhzPllWjoBlI3Gg17D3C78dsDv4f/6fGLyzDzZwHMZcSeSoBBAJ31G9/ayL97/XpoFmVZI9EA1a5IjpZiVvy/TvRsG/rvgMmJVawfvfrNL0IiePmD5gGaMrq1C9NWoPpYNwTXP5XvibpeVjGRqMgXI5LEbsFWPYn61hp6WYpFV8tE4dVKxWpd1V2AZ9TbKAfawd+DZxme8PxpEuXyyNLJpdzI8i+gsdTB9NILIH099sNXMGGk9JOVJsjrFfwrMozMaSTGGIkl2D6bobC/nHUOjZ7K6mkRmldhpVVpiFB33G53F23H0xyrOeGcxuhTU+xCpTlr7rpu63v6HHvSvFOZ6XIsQyzeS8iq0jxMhY8FVdqvSe3wcMCHUCvvOw3wRO0ZrLCYDzYDSklPVTAkEMQR7g0d++Aeez4UNHqnRVWgCuoH3JbkE37jvi/wBK8SNmgTl0OkGizen1DZlA5NGxfFg+2KkszG5ZUahrBCk7mPZh2IGxHzX0xN2imFLZPBNfby8pUIIEE4h0ec3lk2VAJLAij241AUN9ifbGdT8KyZ3LaIVeCQFSWlGkOBtp11rVQNwFHNXi30fKRqqSHWXPqDaiNjdCvgbY9671uTLPG2pgo1E24III9OwFivkdxhHZ1GOsj710/wB+k47xSyP8L4Mu9h1zM6pqaEOVKMGBVoyOaFCm2NnjBrpvTJXjmMMaPpk9ahtC62Hq+zP3T6rYg7lRQ5tU6711DnVnDMrMArIppV1GrLncHuax0pM42WEhkiRE9I8yM6lfTQ2W7sL7+2Kcza6Z70mCN9hL/hVJoV8p4208qWZTXc2QeN9gCdh+eNuq9RAniglKfbB/LAJBtACa7nbFf+c1oYovMckBtQABFUaLGguqjVn3wp9I8QRZ2byJtcWYW0OohJl073qCgatWlvTt8Y0H/rAF1+3z9IXWNb5PLxsUEaI0n32QAM21btyT9bwh5fxzHFnczDmXdBDIVEis2ggbUUUekdxQ+pw29IyEOSUxySyTSWWV5RqY0t0GAuQj1bjc+2Od+MfBEE6yZzKtLGZFaQwsrEs5PYNTqCb2IPavbBpiQsTkI/8ANdB/MwmuIxnxl0vOZmPLXmGL7K8TSqA97Vp9ZJ3s1poYs9X/AIRZefWY5pllNnzJWMgN9iKG3yDf1wndF6JHkHhzmX86SZCXELx3IQYyrIVDDve4Fi+9Y6vlOpt/LiTPTpHMyeZ5cewjHNUxJdgNieLvYYeXXTqx70faDsYA6KUyiZeKXJKssakNOQNDSH75Uk21te+n3+LEeL/4YQ5tDmenL5UrPqotUcgY7kXuhHIrY+2HPoXVjNlWl8vzNyApoGSvk0ou9r23xxXIeOuoZeSaGI6YhI+mOZSxiGo+mwQbHFXW2Ow6q1g0PI/eaSBzF/xH0/M5aYZfNgxOoBHBBB2DAqaIO+/64g/1BlZY2A08AkA8977jF3q+vNyGfMSvJK1CzQAA4AHYAdhgblJwsmlfXHfDdh7j2xSrK3EWGDChGFMk4AsRj9MZipJn8sSd39vuk8fOPcFSwO7bzgrJdRN1I2oH35B+uDOQyKTFnVzY51bfvhOw39HRI4xonAdh6tWwv41bfngXVRvOzAVJ5+juaK09fQ4JnxJ1AM2rS6sArIUWtIvYUNuTxgHPDmIyTqf1fiBO4+vtgeMw4O+/1/8AGEMmoUYhbHBnWen9FfyZDDKfLlASYKQXjBvUDvpNXq+a42wudF8MrEM0GAd0vyy76D6SeFv1MQBse1++AHSeoyeW6RsybhiATzwf2r9MMfR+vzSyeXLJCIglM86gkVRCowpyx22v9MTOmRA35xGBhxJ8p0LMZiJJmpI2TUqlgutb/CvPzvV/OBBz888iZWFDbHSi1Q2G5JOwAG5J4GGnL9TyXlrGxn1xqFUhwaBJIWiLrc/lWHvwOcikIMOlnNiRzWu/Zu42rbjG48tk2a8v7mrjDETivXulPlnmBMkywsqSSxr9mpcAgFjve4FYq9PjMxIQC+A7HSL9iTtfxzj6F6b1COZ5YljjYROCdIG7m/VVV7Ufr7Xhb/ih4hSPKSZUQsGmFEkAKBYJPySLojv3w9GxOB6wnwqBc4xm8gB95i0h59h8DF/pmWMYIWgxB39tsXOh+HsxmIHnhjMix2o3FkiiQFvUaBB4wIyUE+YkWOK7Y0CbCgj3atsNBHTpJ9LGGvBeRjgcMjOJdWmxo0kbbWxDWd7IIAGGfPdbjZ5A8ZYenRQosRxe9EcgV784VJenPEdMwViCGIBBF7EHblWFfXE79RhdGWa4mLVH5SilGxBG3vY01+5xF2jGWYPuR6dI1Xb4TzC3U8+7k+aZkdaH2enZQCQCBSkDkMD74J+G+rQTRmM6VCKfU6hDuR6WZSwYHj1L+YNYG5XIZiIGWOZCzLpCAOr17EMoAv2vvWGTppMqR5bLrpqMWkkaiwOdTUGGx774mbRp8PO36xqhr3gvPwtlYZJcsdGYAuGND52qhb+rVe67EDjfbCV1nrfVp58vFnIXPnaSkJXTrF8i7Kkc2eO+2O2RdE1FZlZYm0gWqkgi1J9tyARqJv1HCV4ggy+XDnNZ5RmJNSJOiHV5ZIJUKWNA/dLDcjYHnFWIsi1kF/X9P5hgaZQj8ffy+YbI5aMSUHXXZA83djpHdRVXsSd8XMl44T+SEeakX+YA0SRE2X1kkfOog7+xxz/rMYjkfMIDqmdjCw2FHk37i6r8/bB7wf0LqkOXfOx5WJiyF4pHdBKByWWweR70a45w1cepPD+GYHJMbsh1OONAVzCmEosjvNfpBAjAVgfv6kJ0VvZNjvt42lIy/mRZSNtQ+zLMELrp3JQ7ueRpN+/fCX4Z69K+rPDLo0cco1xkWBIympBYpTyDXFj3w59a688x1gMGApSoBsGr0uVBo1vvXftiXN4NmF+n9zQx4icnSIZ4w2bEmVdrJhFF2BtvSG3UbHZgaB+gw5DJNIg8iTRGkdITqkKoR2XgsDzdkkHfbCL1Tp6ZaX+bmyYaPXZnGZZ/UbIpbVjvtxQPuMNvQ/EJICxsqzOqybrvGCihDf3ex27/AJ47NqIBHw/Ij+YQqNXhDqjpeXm+zmXY67US/wC+Mn7wI3K8qdj2JT/GHT41zL9QWYz5nX9lFDHSqEUga6JJavxWLNCu2CPiLxsy3E+TkkkahEVH4qq25Cnc7jcb4Ss/1XLJPEJZ50WJyZINJOvfgldNKKqiOL3snDgWoKnwkH89Jl3GLr0AdMvLnXVYSI3Ecga1mo6hY3ojTe44+cBuu+Mly8uiCEl1JKyGwBq06tEf/SKJJrfFPqfVDOdORzEphmOmaOaMMsYJX7gIO3fQOKGCOUyoy7AwT65oxp1vHpdVarYKSSRVgkbgHuDeNXGigM/yHSCxviGvCvkBZOs5rMgsyOERCi2ANwwG7PqGwPFA1hSzMzyMcxmF0SOtRyHSzUwNAUaLED8VUTfBOKWZij6bEWiIlmcgNLpUol6iAg3uxd7jatuKK+Jp4s8mUDOIVoEk7D1AaRpG5Kgn22POGuBYPTz9PKbtU6V4QXMpksudOpWUEKw9emtrI2Zjue3IGOS+Lc8J87PJGCsZehalSSoCsSDuCWB2O+HaLrL5DKIHcyrZETDb0rRF+o0ATz7fTCx448a5PNCN4xL/ADAUqzUAldiRvZBN+nnvgU8YIW/nAyDVtFeWdAfU1Gu+/wC3fA+LOwxvtFYPJP8AhcRZcK8h1uVX3qzgrlsrlQdnBb2bb9sUJjCioGySBupEf/GihPwjSOMZi6Y090xmC8EDvYpquo4turtUdE4rQtRGGIwMy3EylR2B9X/UKv8AxjXNR2RtMk6f1GfLxlYyAP6Xoj8geMQydWnJtkif3tVr9iMVJIX7jELRP/Sf0wob8xIN8y9B1yRHFxJV7hRpsd8E8pmFll0BSAhLfBPAP7n9sLVP/Sf0ww9KcR5cyFaYA2Tya4/xgMqgLsJzqK25lx8ynmV736hRAr3xd6f1coyxLJ6XkUnTsxJIWtfNVx7WcK/SM55ccshXUVAr23IGGr+G3S4up51jKGSKFPNIQgEsGAUE9hdnb27YwdnG5PHl0mJiOqxOydR6zFlfSCFBI3BCgEnbUfb3NYV/FecjmaNMyVaEtuzbhNYNVpp+3N98T9d6n02fPJl5HTXGCwj/AAux9XrfjbSDovckX7Y51/EDrUeZzsPlOrLEtlxRGotdexAAHxuRiUYXZxZ2524rpLG4jz4mOXyUCZdI2RaDKIW0sdf3iWYNuKAs2ST8YBdOeH+bPlZecSyhta3EQpkrUWb00dmJUmtztYrFvw/1uTM50WgmpB5ewUK6qS772QLuh70ca5nNDLSOXNn76oT6hv615oDVsWA3GoY1UCNQvf8AeLu9+kr9cbKST6EkmSRR98lHQrqYkHUUobmt/wAsDv5bLHdc6LVvQ4ib7ynYiiQRdURip4W6Ec7mDA0nlmQNIzkXSKRsBfJLD6Yfeq/w6y8fl/yzu8w2VGKkE93NKNOnnfa6HOKFUqK1fSJIL+KpN0eGPN6miaMGLSWNSMzMbNEuV2NHjEef64juPt3jkUgxGlUs/poGzbIdIBHseb3wweHegTZeBISsZAHrZCbZi3Jveq3O/PG22Az+FSuaeZ5AurZQwDaQSDJo/wB9DY0K+bNRPj0GxY+npKRdcbwp0XqZ8vRmJUEgBaQQgqFBPAUbgktuTxdCzvhN8S9FGZLSZnRCkJLZYyO3qjI3jlYrYGoag29AlfY4OnM5fKSZnMa6kKrHG7uACi2dPYKbN7ewHbADqXUlmeKSSRX70nqFAnSpDmiDW+w787XyZyNwOeT9amZG0jeLeUyEpsNmclKkhAaPziVazS6aS0YbAFd8dG6PnVyeU/lWmUvECVSXUSkZ3Ftp3VQTRIAIA43whDxRE0kskGWSEs+ptQDG1Iql+4oBHYXdm7OIurQ5/NSwZkSCNb+/Yj77sOXYGiBeoDbD3tvCdhAVxdCT9Jmeb+YizedyzpMAwMJJdTG4elUIPQVDAjerv3tny2RzSxaWlfVuulhaMm4jEbAn1FRuPawa5xL0rwk00kOaqKAxya9CkGwQQytGRpVnBJsHe/UMUM+japdMmkhuWuNV42Kiwp2O6874n7Tk8K7ftDF8xFzXhfq2ei84QExiRoxGrKKKWG9JPAIK2Tzxi3Lns5kuoskMX2pESJGyEltAGnSO4JsWPnHV/CrBbijErRLqlZgmkM8jcKb9QNMdt7snmsQ9Q/ks/n4macg5RHYqPSQxZKBcb3/tHxxZxfhdX2C0ANpzbTnfVJc71V/LXLssyrch1FNJB3uyAB2AO/OFzq2VfLyGDMOJfKAApw4twG0g/pftjtc3T4GhmzMTyHXSvuOEO3IvuAaN1jlPifw3FqaZMyqKy6445Fe5CL1BTva3sGJvseLwvDmGquARYgMJH4HgMmY1MNkUn4HYADthb6hmZZcxK2tgPMJBB9j6a+gwx9OnMOWZloGTYk9gPn6k/pgL07LrJIVRtRotQViaUWTQGK2etgIsE9BHKF/5jLDzSGVBbEqpLcarAok/7u3zjx4sv/LtJmIHieOUOj6tXm3/AP5Kl191V34Ubk9jX8ItlWEinLyPLBqLSqbDgnYGJjRAAYEAE0Dgnmuto+VCvF9iu8ioqppVSf8A4vi6sgXz8nEeR6YAgw6IG8X/ABZ4qizGTjjSPTJwyEH0bG2DX6rv99wKwgxyFeMX+tywy5h2y6MkRrSrtqIoC9z7mz+eLfTOja08wuuzaQutQ31Orti5VVFoQyQBvPenTROoStMvux2Ptv2xHmo5EbRJGVP7/ke+JWcws0UiBlv4Bo8Mrf8ABgzJlUASWJtaIuug1lSBtrU7rRIPtjfWIPNwWenhPSwYsOfV/wA44xmLqdRaucZgtIgaminmIChrBPIxuSrR7t7D/nGKU8Ld7Pe8e9PzJRh6ivsR2xx4lJ8SxojzJcOZPLYr+FVq/em+Ppvge3VAOI1/Mk4K5HNJNGfMAZwaLbCweOMWMx4Vj2uVFJ7FxicjfeSbXRgyTraAArCt97si/wBRigeovKGiYhtdBaFUQdhQ9+K+mDR6FBflnMrq9hv+4xDluhLHKGEynSbFgi6wJZR7zVZRIeo5VYokhBALuAze9d/pdYpmNoGtGYHglSVNfUHjBDrmQZ0SQNVEgD/OBmczbjYjtjcJ8IB5hKxoQv4UyWVlaSWdoQoVkMT3qYupp0A7qd7J5x0LovR0nmbMvJHO6IEy6hbjpFssw4BAJ0xnir32xxlZSG1f2wz9D8Vywo8cJ0GQgswG5oUB+5P1wvNjcmwY0NU7R03qWXmzD/y8ceqFDG0qaQDuLXsORzzzWFvqMHTcxmmfNN5M0baRGCoeVSLIkHJ+NO498IS+NJIkZXy8Urs1mUgAkf0mhvW+/wA4u5HxssvGUgE+kgu4UjTZ0gEgsCARwd/jgIKZ13PT1H5UPUKnSocvGjCeOLyAfQzaAp8kAsAACTZNWx7Ac6cTeGJ5FneQyalZNKLy7FmtW9gCK5PfgYG5eaeXJxTOKJXnUQp/CrKDwPa+e3OIuj5yefK+ZJCmURXpSWbdL3cdxRqidm3rbEo7zVqA+HzjRVRp8R9bzeTjWXy4pIuZG10UHvVbi9r/AGwiZTrskmfhkkchGlUMl2q/hBAPG5G4+cCPGHU55IFBndkU6WFmmU8EjvuBz74HLLqAYroB7XdVtz9N8UY2Gla4G25uR5M1mxGfx9BCqTwsoouZCaFhibBHtsbv/G2ELISVfwR/nFyXqDefplkZg6afWS1EHbc9jx+mKBy7IHqyLFd+dVbDfDd7KmZkbVU2z6faBl/GCKH9X0+dsHeg9JzMjTLLDMVhCgr91l1KaGlvVW17DvgNkspI6RCnBBA1MpFAbX+h/bHQMjmohpg+0YO6hsxNIoKAbaqVvTuSaN84VkvTpAszcSi94S8EZQ5xGYHSsUgXS1MXZF5YHaiGHzt8Yl6nkM1C/mTlWQEAFSKFGxtW36YaMtDFl1P8rFGdXLIts57lm/F9ScLeemJ8wSSsx40utCzyQos1xR+uE9pXGqhADfnf5crAJ5ljw+58xp40kkDGtQBWNQKAVV77bbXQ9sV/FnUj5kTnKxhYXMkssoEVsB6FBYAlb9Wq99I98beFepyovkmJmZ2GkHYAhOwoVdXXN3xjf+IuQjzOV0zRMsikhKOxLdrII9iONwNxvhuBgF02d9yen+zjF/PfxBhkRjXmQrYbyvSFJsEgEA9zueecIPV85FPOXillaOhTS0GArdQBtpButsVI/A2a86WJJI9KKpkl1kIAx2U7WTY4APGNoek5hleCKJnlo6gtH0ofUQT2445vFmNcaElWsxOSCOtdV8ykU0i7Ae/yca9NYxKZ7IaiI/kkUT9AL+uK2Ryoc233e3ziXPsZJFiTiwij5Jr/ALDD+tD5zgADpEv9XXyI1QXqd2mJGxAsrHv9Lb/qxDFkc7mEEqxTzKxKBgGeyo3G1k0MT9QhlzObkWFS+jbVeyqm1sx9Kr8kgYs/662TiMGWzGqQkh5IwdIW70ITufVuWoA0KsbnN9IIG8OBB06TW0ZidHT76t6dP/2sWMbRdKdrKMp07ncivpY3xayeczRkJExLSsNRf1X2skgnYYO9Gyet5BmD5WniZV+zO34hyPex+eD1C6MW7npCPhjLpmMuI5UjkePaiAxC/wBx74oy9MWGPN+Up3VLHNAuDzyBQv8AMY2y6IrgxSqxJIEsZYFa5YWBY97sEXgoueLseN61ACg5oAkr8+3bjC3zqPD1uJDbxLEre37Y9wxTeHJNR8tVKXa+sDY8Cie3GMwzVO2lXpUgkQroDKlVe+BXVeiayWiUA/03iHJZ5ojsSOxHvhhiIdQynncEcHAKTMsqbEUOnzGKQK9gXR+PnDS8df4IxV6v08SAmqYD/gxX6ezqoVzY7A8jGswHMJmDjV1k+ej1gDhhwe+DHTOjZl19S/8AUdtvkYFxIG3xt1bxC4BXzzuKKp32qj2GJhlLtpAgC22l/qswZtK1pX24wHz0BO9qB87/ALYGQ9W5U7D6YjGZbsCRjUwsGswxiINy4uX1DdP0xC2VA4JGJenZo7kih2vFfOZq3AJ271yPphlNqoGaFa9puisNjuPnBHo2YiSeLUo0h1LAgbrqGofmLx5lckGT0OGIO/v9CO2IJcmeCKxpWxRgk77zp3jvxzBIqRDQU1KzBw1MENould9NgXxsK98A/En8QUlygihZnmbTrbQVWxRIG988DCL1iAnTZ/D3+O//AD2xQyh+8i0S1AfX2xi4QRZ3lSNqEdYeqQyQ6ZJVWx6gdVivgA3+WPMnJCw0rOxv2XSAfgtZ3+VwjS6l2btiTLZoqbB3/vgf+Iqjw+8UcXURr6x1qJH1CGN5qC7ktVd9/Tzvsos74oJ1DMSsFWRwSeEOkb9qXtiOFopwdYVWXcng0CLI9/pjeXrkcAK5ZbfjzG/wMaq3tW/rBAJ2A3jKAmWiIlPmTsRpUHU23sPa+5wFy3h5py0uZbSW3oVsPkn9Kxp0PLMEaeTUQBqdqJq+LP8A3wxZ/ojTwIjyeTJJIvlgyL5YUrqt9NsXIBpdqIAre8DrVDV1OUHVQ/WdJ6P13K5fLjLx3D5REemZgSdgV9YLAj5uhxtVYHTwNNNJZKAkL6lVtwCCQL3XVpI4vfkHHMOuQZbLyFp5/wCZmjQKsekqrkcGTcmhd6bGqu2LfhDxwIklMxkkmklVgAtlg1BtNbDSFFLxwB8IbCcqh+fl9JUDUr5v/UemZxlM7sySWGLsUk1AH7p51BtxWxOGiX+Jk0/2EsCxgirDaiWG4G4AHFe+NPFnVIc47RDUwCC2ZCNR9RNWLsbD8zhLTMOhBUhmohW58xRyp/3jt3/zUyBhEBvFGb/+Qx5hNGYeSPRRTQQdQN0rDSLA3I3/ABY2ymbyyyB3zBMio3lA61IZiCoOkMNNA7XV1thVnJeQuwAUHtsPj/8AXSfzHvj2JhrD6dMlUfgdvo2mgT/bfEowqoPlUAtR3hfqEkEWVdISmo1qLi5C92SDpGne/QPm8AfDuXHml9j5Slyf93CAf9ZH6HEPXA2sv7Hv3Y8/tX7YIdDy4WJEOzTNrP8A9EJVfy++36YpxqQnPMYDYuW+uxu0WzfZKNTQxroUnuzUbkb5bf29sCvD8n3n0jT90be/P7UL+cHcnnUf1KCV3oX7fOI/KiApYqH+1jtz24HPce2EDIQpVojWSCDzBsc4jzVaQqlPTXfbe/nnBmOf0ijjTO+HUl0lJhrXcFSHX6bU351WKv8AKyRWrUe4q/8AIGCy4i6giBkFgVJgixj0Lp1XfsADvXtZ7fGLGTfc/T/IxQknB0/Sv+ftifLPWr/6/wCRiY3yZi3cKGbHuAJ6iewJx5h3jm7ywFXcaR+mBWaLZYl494z95T2PxjMZgOzuwyD1mY/iA85unUPPBK3S1fxf98eO4XkEkdh/3xmMxU+Md5UfoAapQTrGzLo032H+T3wNNd8e4zFAUA7RukA7TaGSMcgnF462T7PYD6Y9xmOIrecw6yqzOAffFA4zGY5Ya8Qhkc5prY2PxA7j/v8AQ4Zl6iWj30v7NVH8xxjzGYxjAejzF3qkcm7Hg/OBqryfbGYzG4mLLZhJxDXTVyzb5hnH9IVbB+pu8EX6XlpB6CR7GqxmMwjtLsosGT5SRuDKZ8PsDYkX42OI8x0UI2ouNHNUb+R9MeYzEuLtORmomKTO5NR3ynUMu4EKzF4xEy15RX72/GoBqJI9XIPbAo5kxwKMg7xmQstuxZiFJWlJ9MfBOy3/ALtsZjMUY8QDEex+srJ0gVEKRiSSTZO5J7nFzonUTl545lFlGBr3HcfmLGPMZiyNjv1DxdKzh/5dIwQGXfUaYbHbbcdjij1PJ8ShdKyUzJ/STwR7G9xWMxmJXYgyRtjtBvU0dpI/MYsAl880a4+fTjbzvLUv+K9vrjMZjPiIBnN4iLl/K9JfP6ZVYLGD9tZNr3bTsdQI4HY7cb4OyeG8yXeTTFEDGVjUsToWqQelT2xmMxPkzsr0IZO0F9N6EY20jNQ0PvLplP6HQMaz+G2EhkGaNnskft29TgH88e4zC1zsWiu8IMhzRCmiHBHchRfzSu398er1GRKshx21C/774zGYoZdLbTaBMhnzAk4UA/p/4/bEvTkc6xX4DW4+KxmMwt+IaKLgcwEbHnvvjMZjMWgbQ5//2Q==', 'flower', 11, 1),
('SP1754204363734', 'Hoa huệ', 'Đẹp lắm nha', 1111112, 'C001', ' https://hoaviet247.com/wp-content/uploads/2024/07/bo-hoa-tuoi-bh008-hong-do.webp', 'flower', 14, 1),
('SP1754204459720', 'Hoa hướng dương', 'xịn', 1000000, 'C002', 'data:image/jpeg;base64,/9j/4AAQSkZJRgABAQAAAQABAAD/2wCEAAkGBxMSEhUTEhMWFRUVGBYXFRUYFRUVFxUVFRcXFhUVFxUYHSggGBolGxUVITEhJSkrLi4vFx8zODMsNygtLisBCgoKDg0OGxAQGi0lICYyLS8uLS8tLS0tLS0tLS0tLS4tLS0tLS0tLy0tLS0tLS0tLS0tLS0tLS0tLS0tLS0tLf/AABEIALsBDgMBIgACEQEDEQH/xAAbAAACAwEBAQAAAAAAAAAAAAADBAIFBgEHAP/EADoQAAEDAgQDBQcCBgEFAAAAAAEAAhEDIQQSMUEFUWEicYGRsQYTMqHB0fBC4RRSYnKC8RUjJEOisv/EABoBAAMBAQEBAAAAAAAAAAAAAAIDBAUBAAb/xAAvEQACAgEEAQEGBgIDAAAAAAABAgARAwQSITFBEwUiUWGBkTJxwdHh8BShFSOx/9oADAMBAAIRAxEAPwD28FDqLmZQc5Z2bOCtQwvMDUQkR5QyVhahxKFnUGqiEoFQrJyGzGKIFwUCFJxUC5Lj5whDexGaV1y9uIiyZXvMKOdMV2JQhUK1iCYUOUpQmqNSpCA9xRjVNwC7XrCFVPxBS9XEkrowEm4BE5ja6qqr0au+Uq5aSLQqCROSvpXF8jqAZMFEY5ABU2lcqAY/Qqpl11XUVZUm2RAmeEG2mnsM1I1Xwj4fFhSalCRxBMtmpfEVEN2NEKvxGLUWPCxPM4YStdKPXBiJUg2VeuOhPQZqItLEQuGiutpLpRfM9DPrSlXslMBq+cF1aXqdueh5lElDzLhentm4lm2dcUMrsqLioMuS4wCRcUB5RHoTlIRGqIFxQ8ym9DhdEZJtKkSvmNRci8WWJJir0BzU66ml3sTMdQLidSyUqvT9dqr6zU0iDFnlBeUVwQnNRoYNwFRLuamnNQnNVCtFmLrjiiOCE8JwMCRlGpXXK2EexrHOECoCW9QDH2PiEXCNRiiOJ6pY4ShKsTSgLmCZZFxL0kmcqU+ICTqOIT9dJ1QuwSIuap5rrJK+DE3QorxIAgyeHpJkMRqNJScxL3XO8SDKa6WIjSvjdJycQTUA4ILk29qWLUCtPTYZ1IOS2ZTY9eBNTXKxmUNzlxz0EvSSIIWELkMldBXcqSxqH1AuUJRntS1RCDcG7hmPRPeBVxqlc98vemTAZZYOqhCcUs18pimExfdizxF6wVfWCuKlNIYiknK26DK1wUcqM5qddgCGhwhzSJkbd42TCQvcEwGAwbagc1wg2LXctZ8NEtjeFvp6wRzBmDyKuuDth56tPqFaOpNMtImdQosmpbFl+IhhQyzDUsJmc1vMgeZhWftPw5rQx7GhpdIcBYaDLbbQqwp4DJWbyBzA9AncTR940tPMEd4/ITcmrAyKwPH7wVS1MLQwTMtMEA+7ADZ27OUlZ7g3DbVgRza3vaZ9Q1abPBg6HRCp0Mptu4k97jP2UePVNjUgHuv9G40oCZnKb4CffhXCi6W9o5TpJAn7T+BH4fgO25ztGuIb1IOvgrF7Z3VOp1ZDAL9f2isePu5iq6RqvVpVpqtxNNaeNrkhkKb7q1wwsqaiLq3w1SAuZQa4gxouhAq4hfVKoSdWogxAzvcKyuSVZYdtlU4Y3VzSNkWcTwE49qiKCnmR2OCjYkTtRk1F8KqTFRdzpwm/UcNdRFRLtKmGoSIBoRxjky1VzHJplVTutxDw7moFSimaJlFITcWnvkxW6Utagl/dq4rNCSqtAVRw0J25ClTTjAlWuRQ9SvjJ6gmHcErUIBEiRuOYRDVXQ1jxFwea9QxrbdQACTxC08FTLSAJa646dQUPD4d1M5dRq0+oK5hc1MwbtOjhcA9eSbc545Hqs7IzAkXYjVHwgqWGGcObYicw2MjbkjVrEFRpVATyPqpVrg8xdJZieDCC0ZOAYPl46oYZDh1+iGK0N8QPMoz23B5T6IDfmeqoOuZIHd80dw0Seaakcj6JnEVcrSfJdI6E6wPAEhXrxYaqDavZdbQeZP1lJCorHDwGoyK7hOm1alT/AMbaXnL0iT+yquIMp6MB/uJue4CwC0rw11onv0/O9VXFsQzL7uk0EnUtHLYRrstDTZmZuf4Ejy4wo/tzNVBC4KiNiMLUALjTeANyxwHnCSL1rggiSkwzqxQH1CoOeoBGoqDujeHrwrSljBCoHhQFYo2x74YmiOL6o9PErN06xT9CqVNk089LYVERjkJrUVimLTcLRyiE42mk8OVYUnJDXcndoGoyEAVU5WVbU1TlWxzODmWVCsmffKpp1F04lPRwBUW0fqVFX13ojHErj6UifPpyS31NcQYBr0dpRaGDBaTvP2RcPRg7TBtN0k6oAH5To5i7akfEJB1+4RWU8pzMP+J3HeisaW6iW6wb+S7TpAjsnwn0SNTqL68/Yj951VvufAkHeNe6UUVbW8ilq9RzRFx+aJOli78iFAELciVDEWFx/KHEx2XDb82Un1LAkgOFoJAnmO4oFbFsDc5cBlBJvcRrH2WT47x0uIANu6TEm8DxTcOnfKeIWPCzn5S+PEGZyyYBIgnaDp4zCZp8ZYbzaSD05eoXm2Ixxccxm47W1iLG1tt9Z2UBxQ6gm/6RJmb+J06citI+zQRKm06Huek0sewVCZDpk2vlGYi/K/ohY/GZjY2+gWH4dxKHhxB/VJNyGxYZfEOGvno87ioZVIJBZJyzm+GxbfnBF9JBF0B0BVuJ4YVDXNXhDbMdB8zyTDaxdr4DYDuVfS4lTqZchlkdkcjzIjwARzW5W9f9+iiZDfIi2Uk2RHfeRbnrN/lohY3igpCG3dsNh1P2spswLjeQO+T49Uq/gmeT7zxy69buRYfSDXkPEgznwn3mY4lin1DL3F3oO4aBV5K1dT2bOYS8ZTraHeAQONcNptcyjQb29XEmTpYEnS0nyWqurxWFX+BM9sTVZmcAU2tTX/H1IectqdndCTHiuUaSo3g9RJBEWeyyG2krCvTgJVpT8eTiGDOspJmm2FBqnKF2JnTLoBTahNKYYxZdTTLQlJOU3JMFFD0aqDBJjFSqlDddcVxqaROTjkOmzM4DSTui1Alg+DPI+i4ENQZaUmFhGYRBRa7gDI31CbbUa8Krx/Z7Pl3fssbJl3sKjcWO2oywouAaeR+uySrPl1tY13SjMQS0hMUy0gE9yVRuzKBh2QgxB5n86KTqp116/dfVL63Q2QPz6i/quieofCFZjxo7wQcVTpuBcLEXOxga96lVotO09xn0usr7QYlzB2TlHOdPPTvTsOL1GpeIzFjDH3eInx7iJkhlm3gSLhkdojQb37rLOOruuBJPO9m2v2gpYt7iYkC41i53sbj9vBIY0ljc1RthNruDpta0Tcd0gr6TT4QoAEsJofKR/imgkGXayWzqBMWbOmXv7ioit1gjUaQTBygkXjMNtRCS/iSHAGpldLgADlY1pJymHCw7R12AOoURXBbBMtMmAGk2DCNbtJvf+ozJkK704jfctKeJMzZzbQ4GQTrYxf8AfqnqtXM1uaLQBeTGaRPN1+ew2iKAOuJEkgm5JIMGYd+v4hYqypPnUAkmxzSBEyJDdJ6fPRb4x3OhpccH4gaT4BcA7S8iSdjtpH0st5w9+WHuEmLbALy6tWiCDpAtBMgGdRbew+i2ns/xUFgaZ6k6TpPMaaLJ1+Akbh9YZ94ETXNxBcLmByG/3Rv4uBDRHqqX+KvAM9YifNO0KpAm3fqsVkqStiA8R6i64cdTp90nw7AFlRznHMTN+k6nqbWTDc2UuNhFu/a2wm65RqQyN7T1S9xCkDzJmxhjfwh3sa3QCHTm5GdZWVxmHFN7mjQG3dqPkVraGkfn5ZZH2kqEV8rQSSG2FySZFgqPZzE5CvykupUbfyiGLqJDMtdwn2fbAdX7R/knsj+4/qPy71Pi3CKN6r+yxgsym1rAABeYEuJP0C0Rr8KtsHP98Sf0HIuZVlRSzpUORJVpk9zUUWJsMQ6YRC9Z++aW6DIXYX0qYavBuZ4kwZcusddde1BJhU8zlxtwsptoMdZ7YOxEiR4WlRwVZ4+G45QSP2T1RwqCHS0/X6qDVakg7Rx87jES+fETc33faY6QBfn48lCtiBUHou1KTxqMw2c09ofnIqtFI5yGnqbXEf0/aQoVXcb8zQxqp5vrzJ07uhvj0VxR4eCwdokagiBqqOrjg0ljBL9DDQGgw3LYkZrvZadCbpQ491N+Y1SCXQGyROZ+WAIv2WiBGszrej0C0Jw+T8PE1bMEB+p3jlPyCXxFIt/CicNfXeAarQBsTLXkQIJZGpuYMRpG6nXfFpBHiFOVZTRkqswajzKXE1I3hY7j2ILnXMjwnb4Z9VrOKMJWH4gWteRF7yImb7nTnZa+hUE3NJa23K/Mdm3N7ydgJyz3a6yLWVNia0vJccrHBkNhzQaYAFR+Xcucxwgm8A6QravOoPaMgRAkxrJiLb7JSvhz2cjnCYDnT7ySC57A6GyLnW47FxMLcxUInLZEpsXXgFo1dOcxsYIHI6WtAm2xBKDXZCHZj2gCAcpDQ0vvYwDYz0lMUsK2zgx5JsBALXFxcAJjpsB8Ji+k3NaXEE5wDJ7MZszJYfiBIcS4TYwCd4VJYdCThTdmTYAXEOPanQTkGUwC25m8b/ROUib2AsJcTt1vANh5pGk7Nu4uzS4kgXJjw30i0ap5rbRG4vF45ba6kb3SXjRCOA2N9DeA4GJbOsRy0MLQeydOxkwJNoy90zqevRZyvRcBNjEw23kII5EXWk9mcO9rZ0BuBsRsY6qLVEekeY3H3NlQNMawfqfBM4eswk5tIsBz6JChhy4jskDeNB4q4o4RrRYeYzehC+bykDuKylR3IsxIfbSbakxymUBriCQdkR+EbmI0kSInxsqTjrMTTmo1wcwalvxNH9Q+ummi5ixq7UD95xAhNA/eaXB1r+E/OFXUMJ/1qleoIJIbTHJoABcO+/4VU8L4pVDMzi2Ijcjc23iRyvsrTC8RFe7bn+UCY6z1XWwPiLV0eCYGTSndfgS8aR3oWMotqNio3M3WL7dBc9yjQbGtum6YNTqoPwtYkzKOu5hsTwWvUe51PDljCey3M0EDS4c6Z38VVGQSDqDB7xqvRMe3NTcBV93zfazd4JMDvXn2JYxriKb87Ro7LlnuE6L6LQ6hswN+Pz/2Zm58QQ8TXtK6uZSFAvhD6fMpHcQx+OLDAVjgcRmbJSVSiHlNUWZRAXmTqu5U7oUqFqPUDRKBVcQVbYM5m3XM2YpUmCki5LD42wBt85TJqsdqfO30QGhguWE9dR5LlbEUjq0/IeiysiKWsSlAW8fafVaTdQ7xBn91XY1zQD+q0nYGNjE26x5r6q+jNg89AQqvjWLDXtboYEtLmkidGm9nHSIm/gmafESwEtx4zcR4vjjSolwkk/CeZEwdJMzeCbAXMonCeC4aWVauJDqgaJeKjqcF1gAWkOYA0gADLvzgZ7F4lxblJ+EgP5gNOUxJMxHWJtCvfZbA06rCfeltUSHCGHs/CCA4efI8pvrunpYruufH94h5uBU27H9jsvDwALgh+1pcTJ2SFZ5KrafCWUzLXPnnIB2vIFtNkZ9XYX81klF3WpuIxJUFiz+R91jeNUAx2YG5NxJd94C1Vak4nYKqx/Cw8XE+ECea0NK4Q8mWgcTKVQIkuA7OsDQxaRvt1SbcOBfLJMEm9yNp+qtKvYdlIvIbNza55idI8Uu4gtadbTpMnTnA6SStpGNRLDmINZIDdBYGMwLoiJ/S68GY1ChREQ6wIgxl+LNYg8iOye+O9POpNm3S/fF+k262QvdjN10G8R16GNeqbvgVB0AQIggbxuSQZkb79YPNN0yCBIkbwRAFpI/O/kotbOkC8bCeduoH/t5Aq1A34bnxsS7Q67lCfenuo1hMK6rUyU9NdZs0wd7GVuOFUfdMDHXaPhd/L0PRUHsxw57His7S4IvIBJ1G4vK32FwmewAPiPyFj+0NQL29j9YywgtouyRcX6rvvyDuD3keinicA6ndsjmNv3UKhkTz7rH871mcGLsHmd/jHC5dEddBvcrz72x9rqxeaVGuTTiHEAAEmZDXakRAnmn/AGhwFcdovNWmOnw/3NECNp9FmMbg83aFzuOXSItffeVsaDS4gd5o/pOPj921k+E8fef+nUl02BAF+rp+I+Wmq1HAscWVQQ49f1WPfebadFiKGBOYE7GfK60WCMuHhB3Hf5j5qzVYkINDuOwMxWnnqVAjXMD4hGx2IcxmanS96eTXNHrfyBVPRbYfFprOqssK8jQr5RkCtZ5+Ulz4eODMLxfiVaq8irLY/wDHBaG/4nfqbpamV6PjxQe2MTkPLNGYdxFx4LCcSoUmVCKL87NiQZHMGQJ719Bo9QmRdqqV+nH3mLlxlTybmudUS+KvohUQ8m6nWMaqRGO6zLcoVVqCw9MhG97eENldNYfDZro8uQCBjUSRp2lMYSqAEV2Gsk4gwpCVfzHAnoCMvoPdcC20kD5FI46i9nLpeU4GDn80q+iCd/NLZT3xDwvtNcynrVamgJ8Dl+ao+JYSqw+9aBIH8pd3iTqf3W8w/DRyvy2TOJ4WHtg67HQN5ERp9V7HrRjbgcSw6hBwZ5Fh6gzw+8iwLXaahovFzNhoeSuxhyXTQIkamQLkWgG5Bvc+ir/aPg9TCVDBJkbF27pALp53VPR4k5sgE7DeYDS27rmNLRp3Bb4X1lD4zGhh5nofD69R7ZqMAi0ioTJHSLd8p5lMnovP8D7Q13uayiZe/Rs/q5EgREdq1o32Xo/DqL202h7vePHxOyhsmBMAaDz1WTq8JwmzXPiLLAdSWHwY1Og1n6BAxOHHf6eCsYtfy2B68yhvZKhXIbgq5uzMpxnhgLCf16Mi1zz5ga+Cy2I4XVbJcw3tNnSD/TqF6hVwjZnUjc6DuHNK1MIDP4f9rQwa8oK7jd6t3PLnYm8wYvB1kzsO718xOeHEBkkjlfYxH5zXpGI4QwtLSwXEC2gK5hOB02uJawAgRpzH2Vo9o4wLqcKj4zAf8fWeR2XZsogxa/6r92kbQtLgvZNoHau6x6B2pt3ytXUwgAFk3SoTEBSZvaTsKXictV5iGEoD7/nzTV6Zgaba27ipV6Jp1BIsfkVzHsMNLdQdOYP+lns1nnzBL7iPgYzR4g3SoCORmR9wg1crdAHNO4MHuVb7/YjwKew+HY8WfB3aY+XNcKheYBQLzK7FV8gLix5aPiLRmgf1DVYjjzqAqzh3SxzSS0tLSxw1AkbzO+69MGEy6HxgKnq+ztJ7pLBe51v0Vek1WPGSTcYhB5uee0hNhvHiALX539VoPZ/AS/th2UAETz2PXSPBaTC+z9JvwtA/3ZPUsPIjcJ+f2gGBCxwZRJ06PL9kywRqlqLrmDcahP0jmEWB25SsnJY7kzt5natFrm9tuYfnksljOHjMY02la5ji0XHhNlS4gXJiFboGZCfhMvUgFpe1KLQLBUuLbJV06VW1tUrTufM7mWBp4SdE49/umoFKuQUTFEPELuRizUeo/DjCkbpHA8UzmELidjIQsJhgwyu4qm5y6FUPY6jcrKhtYHBYwkwVb8Ppy4k2vA+/2Wf9w5hlWvD8YbJmox2trJRm3MbmjJa0fTmgvrReDOwSlTG2tY812jXyjO43/LrPf4RipYuKcTwHvKc1L626k/6CyWI9j2PMuHlYDpC3WGr+9dl235AcupKeqsaBcCwVGHJmxg7TUcuoKe6Rc8gwfAn0auem7K7ttzN1IPIG2wV5wFpbUc7EVqj3N+Bri9wB0LgPhG3d5LRU8C3KHb/uft80pxXCilUaYHaHnsfoqDrDmtT3X1lLPjBqWFaqWmIHfrI5hDp1LydT8u5Qp0S/QgAQJJNuU9E1Xwfuoc8yCYMTY7dTupNoriLJVePMFnzGB/pEIAShxQJttYf6GpRa9Ix2vL7nmvBCTUF3CCzJUwDLzoJ8hqVPhtIvDnRqZ7hFvkgVKkMAHiu0sQWU3NH6m/nyXdvHM7uJsD5TtbENc6G3DSZOxPTomMLUBHUa/dUPC681KjORnzJH53ps1i10jYlMz6fYxSEKZRUs+JVwQ1p1kwefRVjqhB1NtLr7iM1GtIHXz6pVlQmx15ruPEdlxCZ1VthmgwEOBLwCIEAgEXvunaGGpm4ptH+IVPw+tLMoflcJk5M0A6G5A8ztolmceyUmtwzHViS4CoQ5rNTL3bkkmY66rp0eYKHC8HrqpLky7XKkzQcQFrBLUKUu8lLCVM1AOquGYA5nRAmeQXKNdorCnuQflePIFRsjFiI5cgCTjqMPI/PyFE0IdPP1XMTjv+5Df0xln+rUHzsmq1UWE87dy9kRkap1c1iVdXCg1J5gfZGqPyCUUvBhwUazM4hWohdF3flCDC5LDY0VdohJcRZBshimacwqfivF4Kbh053+71J8jorcCaU4lRZDkGBKYaWtEqd0rqFiZSPeldiXZShCsUxk945RxeEyhPUqPdPcU4bvxE6eKlyaOOIcBCo3VQ1ycw+LBTHw+ajMWVQPelrxGsMspDBYgSh47M5DwmFIKJECpzJ8jAtxLUhxNtN/p9FypexJKYw4tCYdgJEqUlVNmMXI9UJPgT8uf/H6r7jWMIIA0ie/8+qDQYWmNjr4afNKcaNwToNuaUQWepRgG435lpgcQ0sHQn5SUlx/DioGAktibgTAtFkjwvEA1wXaWeG6AlWWJfIJvGwdBO+6emmONt9jj4xWVgfHf7yqxPCSaUCsKjbTfK6Z3YdtOaVbVxlAAGKtL+R8W6B5uPG3RaPA+7i0k7yAp1sLSPxMae8CfNXf8liCem+MEfL+/rFek5O6yD85S4DEMzGq4CmLZWuLeyd7zB0kd+ybrcTpbvb4OB9ClcVwqiTaR4z/APUpWpwGk64eQesEfKClnHpGNksP0/8AZ31chPNGHxPEqM2qC+xkX6Ej5ITeIte3smYOUrOY7BmmcptyOoKPwTh9R7wKYs6M3JsaEmf3VL+zsYx7ka/h1O4dUwf3oLDcUex5NjDu1YCeYnZaCrUzDMN7/uq+twxlEuGrg74jvIkkDZO4bFtZ8Yk7CYA6n7ItbjDsKHI7M5ps2wmzLjhcvZAaTFtPVRrYGpTa6oA3OB2Rd2WdXnKDMchOqXqY57mwCY2AsB3AWCSwj6rH5g49xJgqTAFxtunNQ4Y8SlxmOrMbkY8GR2ntNz/SM0GbCTHdFyeUcXXbSY1rHNAFnGSXXNm2Wtx2BpVhmLRJ52PcSNfFLFmQBrW6CNbRpEErWXOpUACROxJswfDcYajMjpBFy02nrH580Rhc3EUiTdzrHrEEeSRa0tcHZIAuIDgJOs3jSydrYsVH0HAXbnkcjAj0WbqMG1iyjg39OJRjyF+CeeJfvwzSeZS+Opqrp8TdngkNBMDMYkjl99E/jHPI7LoI2ssvZkDAtKs+3CKJgQ8tCJhq5m6TwmLLnFjx2hcHSY1tzTzngK0OR3EK1rYMJirtWO4lwp7nSJWxwtZpsmHBnJB/knG3Ahrj3TN4PFFwU6lRwsVD2caCmOLCHCFRQ3VE3LDh9MhsrvEHdgyvsG4+7SuOMtKjK3klTZPcqYriNeHWTnCXElIcQaMyf4TotdwBjkQl5UqwFDCYyXQlK7ioYP4wpVQFTO3zNbhKe6nj8S4WaCfApvANGUJTiNtFmsFL8iWYlY/hr6xTAcUpmc7g0jUOt6o+IFOu05HB3ODp3qs4ywe6mLiIKR9nTGIaB+oOB69mfUKj/HUocimqil1TLlogd1xGsLSy1iP5WiPkETG8RDeyuV7Yh/d9lnONVDm1T2x+oyg/C531DtP5zW4Ks2JlI47jLZgFZtuIdk+IqnFVxfqu4tCCxYmC+clQJraXESXapqo92qoeF/GFra7B7vTZddQrARQlNiKOem88hPl+FaH2ewvu2sA3hxPMkSqjhxkPH9LvQq14A8n3PcPkCjLE7U8bhGoQLNeJS+0GJDX1DFw4kctAPzuWdw9cuddXntOJe/8AucqTAjtLQynkycCafCOhqBWxkFRB7KSrFZgQMTcIzS4F+YBMPwoAvpy19dPNLezw7KuMU2ylbM+JqUx+PEuT8UyWNoF3wOmPAjwOvgkcJiDTqtc4DLIDjBnLufAXWnwtIZ9EvxSg3O4RYRbvur8GrGQnGw8QdVpxgIKmcx3C8z8w027tlKs7I0SdExwqu51HtGYMCw0GgVZxpxhZ5VvU9Nj1KsjjLh5EKKgJBtP6XfQqNaqYVPwmoc2WeyZJHXn0WjwLAQZEp+zY+2ZmOw22V2Ac6byrqjfUqLqYAMBU1Wu4GxKnf/sY1L1fYJ//2Q==', 'flower', 12, 1);
INSERT INTO `product` (`Id`, `Name`, `Description`, `Price`, `Category`, `ImageUrl`, `Type`, `Stock`, `IsAvailable`) VALUES
('SP1754205249847', 'nam pham', 'aaa', 11, 'C003', 'data:image/jpeg;base64,/9j/4AAQSkZJRgABAQAAAQABAAD/2wCEAAkGBxMSEhUSEhIVFRUXGBgXFxcVGBcXGBUYGBsXFxgYGhgYHSggGholHRcVIjIhJSkrLi4uFx8zODMtOCgtLisBCgoKDg0OGxAQGysmICYrLS8tLS0tMi8tLS0tNy0vLS0tLS8tLS0tMi0tLS0tLS0tLS01LTYtLS0tLS0tLS0tLf/AABEIAOEA4QMBEQACEQEDEQH/xAAcAAABBQEBAQAAAAAAAAAAAAAEAQIDBQYABwj/xABFEAABAgMFBQUFBgMGBgMAAAABAhEAAyEEEjFBUQUiYXGBBhORobEyQsHR8AcUI1Jy4WKC8RUzc5KishY1VLPS0yQ0k//EABsBAAIDAQEBAAAAAAAAAAAAAAADAQIEBQYH/8QANhEAAQQABAMFBwMFAQEBAAAAAQACAxEEEiExBUFREyJhcYEUMpGhwdHwBiOxM0JS4fEVYlP/2gAMAwEAAhEDEQA/APVVRKYozAhRLgQo1QIWQ7ap/uzxMQqPWXgVE9IgUIuwDe6RZqg7I8JqOY9YuqLayBhEpoRSYhSniIQnRKE4QISwIXQISwISiBCWBC6BC6JQugQugQliEJRAhPBgQuECFxgQuiVCgUISnKJUShRKgQo1CBCyvbYbqD/F8DEKj1lBAqJ4ESoRdhG90iQoKsJY3k/qHqIuqLaSBEpoRIiqlPECEsShKIEJYEJYELoEJYELngQleBC54lCWBC6BC6BCUQITgYhC6BC54lQueBCYowlOUCoEKMxKExUCFmO2afw0/q+BiFR6yIEConiJUIqwje6RIUO2VjKG8n9Q9RFlVbOTFimBEpiqlPECEsCF0CF0ShK8CEogQugQugQlgQugQuiUJXgQlgQlgQleBCSBQugQlgQmKhKcolRKEwiBCjVAhZ3tin8EHRQiFV2yxrQJacIlCMsPtdIkKrlYyfbT+oeoiyqtjKiyYiQIqpToEJRAhK0CFzQISARKEoECEsCF0CF0CF0CF0ShLAhLAhKDAhdAoSwIXPAhK8QhMMKTlEqJQmGBCYoQIVD2tH4B5p9YhVdssSBAlqRIiUIqxDe6RYKrtlYyfbT+oeoiVVa8LCQVKIAAJJNAAKkk6RYpjQSaCxO1/tOlIWkSEd4j3lLvJwKhdAbMXVPxw0yOnN90LvQ8HGW53V0rX4qr2t9qUxdLOgShR1LZSuLPRujxV8z+Wi04XhWHaf3Dm+Q+6m2d9ps9JAnSEzBRygKQrnWj+EVbiHDek6bgMTgeyzA+VhHWj7TnChLsqkqum73igWVRnCR7LO7F4s7FVsFng/Tz3AF58xVaeayu0e0s+bOM8KVKmEJH4alBO6GZswcWMZy9znZrXdh4dBDH2JAd50mT+11tVdSZ82lBdLPzuhyecSXydVA4fhI3G4hr6j/Sttn/AGi2uWllpROAGKgQrqU4+EXZPIB1WTEcDwzzbLHkrbsr28mz7TdtBQmWoG6lEtRN4YMxJfHwhjJ3Zu9ssOM4PEyAuhvN4nlzXooL1EbF5kikogULoELolC6BCWBCWBC6BQueBCWBCVohTSiUYUnKMqgUJpMShNJgQqbtSP8A46unqIhVdssLEpaekwITRtOVLWy1sW0JbwEUMrWmitsHDMTiI+0jbp8FFbO1CE/3QKlggi8khOtcCYo7Ej+1dHDfp+Vzv3jQ8NSo7d9oU2ZZ5khctCVLQUGYkkMFUVuF8UuMaYwszvcKpbm8Gw8UocXEAdVjLLJqSRelg7xxFQ4dsOcUce7poVtia0SFrtW8zyU6pgQQEjdVgRUGFUXalb+2iicGsHdOxTpUw8X+GRirgnwzWPELjPDgAuceXM5xIbpZUPnDiI2mz/HqlM58BT6rDAKGqo+TMe7so/vBvMk1JaIcBdlQJnZsrN7pGSpPeLa8QdQHrmTFLobJ0oFmnbISbbJlnUVJUpK0uAUqYh6UIjQxoOy5mMnyxnMLWt7HfaJMlAJtBVNkgNQAzJelTVQxxf4QxshZodQuRNgocWztIxldzrb1C26ftFsDP3i30Mtb+jQz2hnj8Fz/APx8TdafFXtg21Z5wSZU5Cr1AAd4lna6auwJwyhjZGu2KyT4KeE1I0hHxdZlzxKhc8CEsCErwISQKEogQleBCHeEp6YqBCaTAoTSYEKh7WbQlS5RlrWlKlg3QcS1enM5sIq57W7p8WEmnB7Ntrzu17YSgpCWW+N04ZaYwn2joF0o+Avr9x1H46qGZtjeN0hqUIBu6kkHEnIE4RR0zrsbLoYfgcHZ5ZTbr3BVJOnFc0hSg5qTlhQmgy0ilF3eW8ObB+wwbckPNBFL4bmQ/SABvRXcZNAXV6oecUAC8b2NE/OLtvkKWScxNAznN4D7rplso6D3dAGlunAM5bHj1i+W91jMjWNJjNJ4t6lNvEEYpeiuXH1ihjAWtmLLiNadzHX/AGpJNtOA/fppFDGtcWMzIn70eXSF5StgxA5aeiRNp/MT0LRJYoGJ1orhMQDeZT8x4wZSRSgPijeXgG/RJOtqQ10PTNmGvM8YuGEbpEmJZs0a+KG2xMQJaU3UhRLhsQM3rUYY8YZESSeiwcW7KOJrf7nfwq6UpsKcoaQudDJlFhWMqeql11FnbGgFTCSwc11va3BrS3Uq57+YlJMkM4Ul0llFOKgTRwWIb9oS2r1XRnFtzAZvv1T9i9orTZymeFhylSEFYvkILa5UDcoZmLXdxc/sGYiD94AAmxWhV0rt/aypMwTmD1RdQU0yZgWPN4ntpLu1X/ycGWVl9b1Wn2J9pCF0tEu5/HLdSeqcR0JhzcV/kFzsR+nXVmw7r8Dv8dltLNtGTMQFomoKSwe8BVTMK4EuKcY0h7SLBXAkw00bsrmkHyRUXSF0CFwgUJYFKFSIUmhcoRFKULbLSiUgzJighAxJyy+hEOIaLKZFE+VwZGLJ5LJbQ7eyrqxZ0qVMA3SsBKOdVAnkIQ7ECtF2cNwKVzx2ug8N15xbLTNmLUucu+ujlRFG1bLgIzl1m16KGFsTezbQH5uhp08qDIDgM5CRXoMqwNbW6tLOXCmcufVTos5u74Z8sDzOkQX8gmxQZ2nOKtPUpIDMksKAgHDiX4xQFybIyIVYBKbfTeulKTTJIblg/jFqO4SM8V04A/RNtVnQAFm6rgxoMqYBL6anpLXu2S5MNBZc5tivgtH2T+5S5FpE9CyZyEJT3KXUAkk7nupIUEFzQsHh0co1a9crH8PkD45cNoBvr+brO9pNkqs4ROUhM2TMUoSpu6kzAAk1CSWIJKTkShTEhjDAzodFzjjS52WVgzA66UqI244AJS+LAOeZxMHZhPGON6NATxblMz9DUecV7MLR7c+t1GLSc4tkSW4wg6qWVMUtQSkEkkABIJJJoAAKkk0A4xIYrSY29Stl2f7DTTbJMm3IVKTMQqYkAglZTUy1KB3TdckYt1awj1orly8TrRg16qi+0XYf3S3TZaUlMtTLlYkXCAGBOLKCh/WL0G6BZhM6V2d5srOAxVamu0Rljtape8DVOD1FcfKKObei2wTdmy+Y2+qsLHbylKhnWYlupUk5ijnwhD4wSuph8WWNPPmPqFOpcuZcrdeofBwd5J8acCIoA5trV2kcoY3bcgfRQSpCWUC4L4OzNlxi2Y7oiw8ZBBJ8U9Qulw4IFGfyitl26a5ojNtvQImw2oomIXdO4oKclKVC6QQwIxpoYjKGutSZTKwtI0II1Xq2wu3abRaEye7upWCElyVX8Ug0AYi9gMWjYzE5nZSKXlsZwN0EBlDrrfy/lbExrXn0sChdAhCpMLTU+IUrI9ttq2YyZtnXOCZjAgFKyLwZQDgNXDg8Zp3McCzmu3wmDERSsxDW93zGy8jVOS5VvFh+YJBGbXvQVjO1hIpeinxTA/PR/OiA79UxaUJAqWGlYcGBosrmyYx87w1o56fm5VrLllIZJq2VSdfm0Zy7MdV2xEYWU095dOkzKEAlLUvDM0o2b5QNrZUle/3mmxXPqmWezqWoElKC7nAp3am8l6PRsjXiYYaasLe1kNDQ/JJOnJBolsgK1fTPpxilFa3OYy73/NlEiQV945ICU0ZmfEBhlQ4NlF7Arrazdm5wdrQAH/EdZpqpaAmii3skHPLI4t4xSg9+ibiJJcLhMx97kOp5L1bZWwrLb7DZUrSVyglaiCWImLdCg4/Korb9CY6EbWlopeGxL5XTF0gp3ReU2zsHMTZ59qlz5dyTOmSrkx0rUELCElJAIUokpDboiL0JVWTkqjl7GmXO8vSwHYpvOtLuElQZg7KIDuwdgCCalwpObPbso1K0HZ7sxZZ177xbO7KVSxcAAUpKiL5BU4DJL54YRUSN/uNLX2GLd7sZK0W0l2CxWqzKsKEzEyL6pm8r8VagAl5hd7tSGBDmFvnY0jJqtuG4FicQM05yDl1+C2Ent7Y510TZcxDEKBUkKCVDMKSb2tWhgxcZ30VJf03imglha7yOvzVP2u2rJ2jdsssyglK3VaLRcSlCUgVllRCiSSzM5AyBeAztfoD6rDLwrFwgWw69Na81hLT2RVNtcyRY3my0kBMz3TuBTqWkXQ5vAalhAHWabqsLnzwyFjgQehQW3Oy8+xyZcyeEgTvYAUCoXRVKgMDvDAnAxcg81vw03aGigtnKCkgGiknx18RCJNF3cA4SMA2LfmnyfxBcUd5JN08cCDwpFT3TY2WiIe0DI495p0+yIJJ9qihmcx9ZwsGtlu7zqzmiFIkD8ym8vCIpOy6Ehx+ijTaA9xKiteVAAjUl34xfLpZ2WQT3IIozmd8h4q42JNMifKnKLhMxJpRwkh/KFhwDgQtk2Hc+F8RNkgr3mOwvmJFGksCF0CFXyVRRMTbapdwiWklRBAIUlJTxdVHHKKPutE6HIHgv2XgG1p0xE2YiYn8RKiFXqqd6kkEg1zcxiEXUr1x4g0/02iuWiq1AzF8fSG6NCxvD55K5lXNjs6JTNiQxUceQyA84yvkL9F3cPgIsNT3anqmWq1TJSnQlxg+nA6Dwi0bQ8USk8Qmlwzswbbeqcm0pnYIvEu7bwri6hh1NIgtLVMOJgnFHc8t/+KOdaAjdDBtKD5nKsSGlygTRximqSTfWHWGA9lRDEPQka/WkBppobqGZ8SMzqobFMXtBKE3UhxjiznjSv9NIBGTurPxUUQpjbrmeqFTaJiiTmU7ugfTjQQ9rGgUuTicW99ySengF7B2c7Q7P2fZZclU9jQqdKytS1AX1FIBupBo2ic3q+NzQNF5bE4kyvzOKo5PaKxSkLl2lRmpNrnTUWaUklU6+q9KVMKiEiXUEJJqWJdmiG0Qb2tJjsnKNydPVZqdaLyrUopI+8TzNYkKUhIVNUlLijnvS7ON0cYxyzA6NXsODcCfC/t8RQPIb+p/PFCqVcFAw0+cJ1cdV6Y1Gy2D1O6WW6lBITvNeoC5ScCIC1UGIbmo1abNmXdX0OTcIgBMdICy1Gi0qpXoTTziaSswdutB2d7RzbIq9LZSFNeln2VNmM0nj6xeOV0Z0S8dwyDHM72juTh+aozt9tSRbNni6bk2RNC0oVUrQslKglQDEi8DkWRURsZO14rmvF4nhs+Admdq3ax+fnVeWomMaRchTHKQ6xojF2h94UVgrjoRCsvJdH2iznG/P7o+TbnSyq+fkYSY6NhdiPGZ2ZXi/H7pLQhSk/hV4Zj5jziWkA95LxAldH+xr9FDKm9ylk1WfLideUSRnNnZIY8YOPIzV7tz0/OiIl2pazvKJPgw5CKOaALWvDyvc7KTqvbewdunTbOO+IUG/DUke6ndIWclgjDRjWrbcO5xbqvJ8agiixBEYrr69FphGhcdLAhVVnU7GKHdMB0VXaNvrUtcizSFrnIBfvQZctLUBKj7QOQo+rVhRkJNALeMI1rQ+R4o8hqV472wlWuZaVLtMkS5pAe6i6kgBgQXIVRg4JwxhRNHvLp4eHtGVDZAQlhsykgGl4nUdB61+UJe8ONLsYaCSBud1WfyvVFWlN9BSCytDj6VELYMrr5LbiZRiIcgNO6FVidrzkilQnFxg3EVh/YsK4R4liI2+A3BC6btFS6lRI54ftEdkAmDHF3e5eGlIyzoWUupClJ90KHmCcByxijqGgK0M/dNlthRWpKz7QCX1UkYaAGJYArYl5rKRXqFBKkAi8pQujEDE+MMutAFhcMwtxFdOZTrIZq5qRISSsvcSlndiSRk7Ang0WIAHeXPxjiY3VzTtromSmROlFMwMxVRQSxYZhQqK5FPOGsIcNF5sgg0U/Yllf8ZQoHCeKqgnkK9eUZ8VJpkHqvTfpvh2eX2mT3Rt4nr6KymTyQXJBcioLemNYyZddV7P2hpYQxDTJqiEj3qEt8elSYYGizSwOme1jb3JThaFGaFoLpSAlOQSB7QPMuesS4DLqlwOe6VzhqDt4dR4KPa01UyZeBAFHKlCh01LADAQRtAGqMQ+Rzw1mgHO6C6UEpDlQV4HwHxiHEk6BaGMYxtucD5IqWKjLUYHlV2MUIF6rTCXuaSw0ehTlTgCkKAq9DXBq+cQ2xqFbFMhm/alaCD16hVW29nJB7yWLoL3gAbqcK53f6xrhlLhTl5XivDhhXt7IHKRrzVUktxypDliY4jkpZdoaKlq2R4wDRTy7UR1ihZa1R4ws25pLRNvKdg7VIzOvOJaKFKkj88mYDVWVgkMHMZ5XLucPgLRZGq987K2QSrJIQA34aVH9ShePmY6MLcsYC8HxOUy4uRx6kDyGitXhqwJXgQqCxT2AII1qzccYo8pjFle13bpIHd2UrRNSqq0hJlKSxBAvEl3b3cjWMcspIppXoeG8NBOedoLSLA5+CwG09pLmqvTlrUojFVaaDQcBGcAuN3a9HccLeza3KCOQ3VRarWxF3JhoKUZh6w9jOq5WKxNaN5dUSja4CQwJLVfXOmEVdFZTIOJBkeotConz5qnF4l+QGQ4CLlrGilkZNiJXOcGn6KYqSl79xasroAbmpgVdYjU7JoijabdRPQfdDTZxJiQ0BTJM5xoJqVsGFHxOZ4PpwiUkANUC1xcBZpZa2W/+zvZMxKVzwkd4tJCApvYxLPUKJCWwoOJjFi3mw0LnSyZtAs3tvZ882qZ99mpvqZRShV5n9lILMlgWroXjUJA1gyBTheGe0uzPcAL5bqW1qK0pAYBKQAE0GeEZgaNlez9mb2WWMaAaBQplzkkC8kj8pJJ5Bw2ucWJYdVma3FRuA0rpeqfPBO8QUgOCnN9Q+OnCKtGlBaZXFzg52w/lBG0VUCCkGoL1ermnhxaHZOa5jZyXlptrT/PXRR2hIUUvTAE1bw8olugKrO0Pc0k9BfL4K0syEJBupfiaf06RnLid1248NCGkN9f9JsiSgOUkuC++p6Z4NEucSlRwsjpzXeZJUG2JtZZf81eoi0IsEJHEpafG4dCj5SyUljVnBdq8/EdYVs5dJ7u1gDq1VHbwr2ikAuQWSA+e82J/eNrSCF5XERujfmqlFJtCPfQ/WBzTyKmLFRX+7HaJSmQrBRR+qoHxhdyDfVbMuAeLaS0+Ov8rWdnuxs+03rndfhquqKlM2b3QCSOIGIOhgEb3nTRWdxHC4ZrS8ZulDReh7E7A2eS5nH7wp6XgUoA/QFF/wCYkcBD48K0e9quPi/1BiZtI+4PDf4rWtGlcErmiUJ0CF5dt7b/AHMi7LKDMLhTi8UJ1IyODPrGWWXKMo3K7HDeGnEXI8dwfM9Fh7TaUzlEuEGgqwvNnTA+MY3Zrshemw4jjaImGh4lVtqmqG6pi3LPiOkMY0HUJeIkcDldyQE0PWHDRcqYdobChIiyyEFuxTxbC10ktwPwiMmtq4xzg3K6/RdZSVmnzrpEuFLKceWagWp1yVCrDoRFVq9ujbq7S1ElBUWoOcTVLO/iLD7qnsthWtaUy0matRCUpGalMAADiXiQQTS5suJe80EzbC5ssrsilJIlzFXrpBBmUSreHtAMR400YGDNmSbIFK17PWD8FE+4ljMXLSqhZSAlRcNQstJDmrFsIyYouA02Xq/02IZMweO8NR4/8KKVMF4JDBunHGMoBIterkkZG8NG4tIhF4Eu4zS71fEHrFtkhgLzm3B0I6eISrQUpoSeDZcRn4RGhV3sexp5gKOXYkLF8pJzNSGPQxcve3RZ4cJhphmdqel80y2bPvBgm6NWPhExyG9VXHYNhaGxikDtb8IoAJZYNNMG46w2IZgbXLx83s72NYdCPhWyJlSriLyvaOR45QonM6hsupHEYoM8nvHZRTrMqbdCW3AXJOJLUHhF2ODAb5rJiYJcW5vZDRg1Ks5aboAHKMxN2V6BrBG1rEHtaQSFtU0LZsMSONPMxohIAC4HFI3vvKLA1VCRGteepKkRVNY216z9jchZXMmsRLCLn8JW6C3QMfCCEd8lX4tOx0DGc7+S9UeNa86lgQugQugQvnjbKyJayA4cJOJUgjC9xN046RzRbn2QvZZmYfCiKN1g6j+dlnpiyIaAsz3lqQreJApQX5gmBUSUlr6u1GtcSAssr0iJhdkoS/K8f9RIi3msmUvdlGpRSb4Bckk+ArgAKYcIWS0lWn4ZPQI+FpN41JUTri8Gi0R8OjLAH3m6pUyqu9cecGZS3hEfNxT7RNWN4AsMG9wA5N+rPhA0BwpYsXgHw6jUdVPbbPLtCDNkJuTQCZkoYKGa5fHMp6jQ1je+M5JNRyP0P3WGw7Xmoez1qUFiVeVcN43XN28QN9sAWSA+kWxLbjXa/T2IEONBOxBCstoy1BV5IKnpQPXLocIyxEEUV63iDZGOEzRYI+fL4oeXaig1dPAhiOYPrFyy1lixuXfTqOiM++q0BhWQWup7Y8N90FA/2mlMwOm7Wt35OHDtSkOENhcKbiTY5BpWutHX4qddulBRUqZfNBRBcAZByB4vECN2WqTJsdB2naFxPpsPipRbEkXy6U/xe0onX4DjFC13ujda48RCR27xlaNgdyfzYIVSpk4uEFIGF6g5n5RcBkehKQZcTjTmYwgcr09SrWySbiQkVbE+aidPg8Ic7M612oIG4aFsZPiT8yo0TL6nFUigOpzPL5QOGUUd0YeTt5DKPdGg+qu5ewjaJRXJKTNTvJDsVjBSHwODg5Fxm40xMDo65ryuN4oYOIH/ABoArLWuzJL7txYoUqF0uMQUmoMQHOaact7mYadvaRb/ACVhsbsvabQAZNnUoH3yyUdFLIB6PFw17tlndicLB7xF/Few9huz67FIKJiwpa1X1BPspoAACQCTSp+TnTFGWDVef4jjBiZAWigBS0UNXPXRKEsCErwIXzl2inqmzXWUSxmlBvX294pdrzFqkdYxB9jZehbg3Qvov08foq5cuWasr/MP/GK94LcY4n6m/j/pQKTLGS/8w/8AGJGZIcyJu1/noh1mtIYFhkIvRPlygBeVXQRBcboJ0WHbl7ST4IizocUAD4RRx6rZh4yW5mADopu4bEnljFMy0tgoW5yJkWckndoA5fSKudScxt8tEFbZiHugEKHvPTkA3xhjAasrBiXMzlg3HNFbFmO4OMKnFUQulwh7ZWuZILQO0kmzzQqW4BN4KfDVIHCnQw+OpmU5eS4vw/2Wc17p1H29EJawL4VLS17eAHun3gOD15EQ2Oy2nclzGOcDmbuFdbKt0xRKCHI9o4No8ZJoWjvDRe24PxeSf9p7bP0Vg17dWCsVq7kVzeEA1sV2XRNcCx7QRfPdRJsYSNxakjBqKA5OX6PF8+b3gkexGG+wkIb0IsenND2vZYIqSeIuj1qD4xdkpB0WPE4FkzRmsnwA0UFn2Uh3N4tXh5CLOlfWgSoOF4Rrx2jj6o6XNlAvugjPE+UKIeQuqJMEx1gDTnufqlXbR7rnoR6xURnmnO4iw/02knyVbaLPNmrYulFHrTXB8Y0NexjdN1wJ8Ji8biado3TnoPTqVcSAEgADAZV8YzBrnm128bjYOG4by0A6lWezdoGSXc3S17hUC99ZRpYTdL5jiMU6eZ0rua12z9ulDpmgTJZxcAliGzxpRjDmylpp2yqHlvNbWzWgLSlaS6VAFJ1BDjyjYCCLCkFEhUQrJzwKV0CEqjTwHjSIKE54EL5ctNkUN5SS2uIfDHDGMmrd16LNDPqDf8qBKVOAlySWAxJJwA1MTYKq4Pj1B0VnY+zlunFkWSerU3FJA5qUAB4xNLO7Eaapq9iTUTDLmi4pJIWCxutiHSSCeRp4wt8oba34TAyT5XDQHr0RP3JKqAMBRzUk/XKM/akaldx2CY4hjRtuT9AkFmQC15y3AAH40gzk60qnDBprNZrQbeiilXgpt29UZuHD08DWLnLlSIzKJqNA6jy0U9kFxKhMV7RqRVgMer04RV9EilfDhwY8yHn/AAhrXZ5ayCm8DQPQv0aLMe5uhSMVhI53B7DR2vr5qKzIVLF4DeBWlWgIYJppjXiOEXcWuNeSx4cTQMMjRR1BPQjl9QppwC5Dqwuub2rFleNXirO7IteLLZ8BryFoyzWe4PypAYABlL4nmwqekLfJe61YLBNYB2YAFaurf7qRNpvFkgYB6DDDE8TnrFMvVbA9gd3BqnLNHJYPgmlfDHDLOI8k7NlBLjSZMKdSORB8j84NRyVX04aOTULq1CGrVnHWLVzVS8e54JqrEpwQXHEsR8D0MWDwspgkLtRY/OSauzNUCodwxfoPGJz5jRQYBE3OBpz8FAi3KUboupTqwJiezAFpLcXLI+gQ1vkiJs9KNxJck866mKiNzjZTcVxPDYKPI06/MoeVtEy1F2IPiRwLftGqNpbsvCY7iD8VKXP25Kwl7Zlq3bi2o53W4Z8IY5wA1S8Phn4l2SMevIJ87aZqe8UElmSCzN8PWMrnOJ0XrcPwrBRsHaUTWviVYSO21sZkzyAGrclMnT3MOET2ko5po4fw8+7H8z91otifaQq/dtCEqTkqUClQP6VKZX+nrhDWYhw98Ln4jgkTifZ3G+jlvNn7ZkT2EqalSiHuuymz3TWkaGyNdsVwpsHPDfaNIrny+KsIYs6ZONBzS/iIo80L8VIUsXUKj7N7UkWu/NTZ+7mkBM1V0XJn8zMo86iFPFK7Das5Gy7Ohfeos8lEzC+mUhK6/wAQDxRNJJFIHtd2g+5yCsMZit2WCCQVZk8AHLUdmzikkgYLWzh+COKmDOXM+C8UnTSxWSSXvEkuSXckk4nGOeNSvfua2KI5dh/AUK7UmiAXJywd8K9RFgw7pD8THXZtOp+vRJLlJUprrqpUC6E9Sw8Ykk1psltjiDqdq4dBsnTyi8X3AwDqq+AoRQmAXWipI5jZCHCj1O3ooVyFKDp30gMzgMkVDjiRU8DrF2nruscoO7TY/P5Xd65EtiyReTgLtd4EAMQzU1HN7EaWqw5u1A9VKmWFd4MjQ8wkA/XCF2RlXQpj2TjkTXrQ+qWUit4AMDQHDl0p5QF9aqG4YPHZtA0HpSHt08vdSCVHIVOsEbAdSjG4osAjG/ROsFlIN5Rq5BS4wINCdT8Is9wqgsmFhkMgL9OfiuUhYJBClSjUFDEvUMQ97LLhEtDasbqJnYgSljgSzex9UxU4yzRKHyaimxoVOc4nKSK1VBiImHOA0n4H4FTKUmZRRIUzvgpJyvDPryplXVviFptuIBynK78rRMs5UksSOtAoRVwG4TYJH+6/cIwTmIDGhzxBxADePGFlq2sla4gFV+2ZYSyk0vO7eR672H5Y0QnMNV5L9RiXDFvZOprruuv80UAbQoIIByo+QeraZ4Q9oGZeRD3HcqKwi9ecXt03RXGgo2Yd+kPCCrOyyk3ODAlsST/SMkhOde44TE1uCAaasW489dkGo3zhdSHD5luePWLbBKL+1cQwaDmiEJSpkoOHBiT5iKHTdao7eAG0K9UsuYE4aEnGoDkuRXARNEqrpWMFNNH8tTyNoKyLNxOWYbEPnFHRALXDxDtRVX5hXlj7Q22UR3M5bkOylCYlhUi6tw7Z4xEb3MO6MZhMPiGAdmB4gUQvQey3beXaQmVNBTPZjcDoWQHJS5cUBLHxMaPaW5acF5rGcJkgaZGG2/MfnULSd4NZngn5Qn2iL/IrmZXIqzybktKWAAJZgAG5DONQutVWIECiuWl4E1YL7UyblnRi6pinzF0ISMsN/HgOmfEnQL0H6eb+853IBedTmqBn8m+EZB1XrHMADm3uFSy1pQpN5bEGlHZjRy/CNhBI0C8vHMyOQNkdVHT0Ks7RbE3WK7pyoSC/L5xmbGbul2p8YxjMhNXz3+KZaEAFIu37xzIuvi7AYYxdnOtEjGNyZGvGcE6dLUdstSksUqYmhagLYUiYxaVjKbVJliN1gN6ZMqz4JAJcnjU8qxZ4vyCRh5ezOVot7vkB90aihTKTUm8pR5tUjiTCj3gXLdXYubCDZdqfz82Ra1AJ5fXiSH6mFVa68f7YPggNlAqWqYRjup6VPTDwPGHyUGhgXEwhMuJdO/3RoPzyUK1ErCkrDFwU+8AfZPVgRyi4aAyis8mIfLig5rqGunPXY/ZFC0qQSkMurkkMHzZuXlC8oK3MnladPnsUNtaahSkl3YHEYO1AOmI4QyMOApY8X2L5e0IFjmmy5SysLKCKGiixJOYGvPQRJc0DLaS2Kd8nbtaa8dz5f7UdstBuFYULyFB+KVG67cwOjxLGAmjzSsTjXsAe06t38jdfMIuxWwTUMaEU5fs+Gh5wpzCwro4XEDFttu/NLb0kylA4pIV5hNODKeCI09Z/1BH2uAL61aR9lUSj4fDONPNfPhuobNLKkggOEsFZMCTU+j6kQ1xpaIojJIGjqFaLW0lKk0dys1N4hSkhJGl1qcTrCNzqvVtGVpcDQHwoclJNAMuWwdwM+GD4+0UxRpOY2tk7P2GBo0ItDSgZZSpuaTmDgfWvKLOpwpKgDoXAj1CbOsy0zHKFXDUUZwfLGjdIsHAt03WdzJGTntB3fDojrFZ5KwBe7tYJLG8eDE4BDjIU4QtziNxYT4og43GS13Q8x+ckdaLOFJCQXUhOLMDTBvQ/QQHUV18jslO36J2zZKpSkTAd5KkqS9WKSClTYEAgUzgLtUdi1zDE8mnflL0D/jtf/R/64NOnzXE/8Rv/AOvyXoE6cCAEkHlHRK86Aq+17STLN04s+cVUleXfaFtUTLSFA7qJaBRyzlRJbKihzaMs4t9eC9XwNzY8K5/PN8tFlp494VHDMQhvQrvTGwJWaj6LN2sVMdBmy8VjGguJCmsstc1ISlJLZ4D/ADGkVdTTabAZMTD2YBJGiue5WhISVJAzUpTXj/CNIzOLXG13o2zRNax5A8Sf4GpQc9MvC8qYrIIDDqa+UMbm6UsWKMQFF5cegFD47n0RstCZZch1qGXugYt9ekLJLx4D5rc2FsLwT77hoP8AEdU+x2cFRUwfVy51qS/CmsVc85aTYcLH2uY3fXmuIKiEaq8sD5CIArVMlcTmYNyf9KZVlSlF2oSAM6ly+PUxGYl1prsPGzD9mNufx1QFotRvMlCigM5DkJIZsaAYU41xEaGtsa7rgSy5JSxosWNRy6aopdmQUpN4JYBJKsFHAK0chn4vrFcxtb+yDI+87bmef+1TLkElRvDdUAdGYMeIfPlrD7oLgta57zZ0B2PgjLDPSQpr34ZClY+yTdUGzGf8vGFOaefPZb48Qx1lhJy6uGuouiPgmrsaFy5gkkbzKBVR2YhCXqaAlmpEiRwcM3JUmwkL4XnDuFOoi9Dprl+ybYbGZaUKNCph4h/hFZH5yQOS04DCHDMjc7d3/VbipUnVKc8XIbzYdISNKK6khLxIz82VNOReSrI3TzfSuEa2GivK8VihMPaEa6VQ/NFXWZICb17evMRolgX4uX5XRqGa7VcfA0H5uiN2YDMF0gFILaHF2pjjz3vBb6bquxgw6YuZyP59ET3o7tSB7UlRpqkEpJ6Xj4Qstt19V0BiWth7IjWM/EbH4J9mmgswZibuJJJbDPXwEVIpaIXB9Dl15+Sn2qpRlk4LBSaipAJAY5Hefiw0BBE4XSrxPDEtErTqOX1VbIRNUUzFIVMvG6Cpw6lYG/0xhxoaA0uPFnOV72lw257nxR1qnMbqwElONOQd8S9KmEBhOoXe9rijqN2hHX7qGTaQC7ksQQwcPrFspSzPGbv+Fa/23J1P/wCZ/wDZB2Kye0u/yXqHYGZNQmdZphpJUAkYted2P5aAjnGx/VeYj5gq7t85YUyEOWcGnUV+qxQEKxDr0Xjfb6cs2yYVIugpl0ZmF1NdDW9hyxeFSAFy73DXluHPzVPs+2S0puqN0viXun5dfGESRuJsLr4LHRQjK80PiD9lNMsQWypJlO53qKHxD9Ihshbo9WxGBixAMmFc0nnzChmSrVgVpL5ggfARNw2lNh4nkobeBr7JhsTVnTK6JqeFVfKJ7Qf2hU9keDeIdR6A2fspkz5crdTKN84ZlnbeUajA0Ab1gIc4anRQyRkD7Yy3HbnSdLkMSpRdavINg2jxQu0obLbFhy13aynvn5BFWYghmqKcC5J+LdIW7ZbcNed3MIETwmaCaByDwcEfGHBttoLnSzhkuY8nI+etJQzggn3VAhsSXD+WsUaKNnkn4iVsjXCEgh3T5pwlJKCEulGAFBu4szYnFzUtljA5/etLgwv7IYbrT/f/AFDW6yKVhg7pYeyx/LmG9OsWZIBuoxmHkdbByog9EqEArcqcqR3akhLakk65eEQXGqHmqRYcCTPKbuhVdeaeZKZYURdAUkIXRqagjPoXwiGvLtD5hOxOEEFSNoD3T4jw8UJ3F9SSlSSlDUvB60JZ34QwnKDfNZI4mzvbRFN2H1T7faQZsuUnJ1K4Onc8io9REMZUZcU3E4oSY+OBuzLvzP8ApTTAbyeKW8CT8RC77q6GUjE+YCDtkoCYonBW9ix3mNOSnHSHsdbV5njOHDGSNJqjY+iC2hLCUAJO6CWDuzitOghrHFx1XnMK6ifJFbHSBLSc3rzcj5QuU24jwXrOHMazCtf/APWqW32HeMxBe8FOnM0IN3XUjHHpET7FHko4jhOxlMgNh1ml2yJqVquKoSGSoFrrDwbKB4rVWwsvaHKzQ1ojEWEpBN4ryYEBjX2kq0IDiK5kzvFveJ+3mN1Cm1qLAzFXSL2ASHwLXRunMGuUTlrWlVry/wDbDrBH+tOiOm2o0LjgbqVgcMKQoAjZdBzIn6vAvxA/lCKVNmFlLBQGa63FwzUy4QzM1ovmsogmml7PZngpP7NT/DFe0d1T/YoP8V6r2KtAmKtMxPslSEhQqlRQCCxwLZ6RtdsF4ZmtorbW0p6FKTKQo0vAhLhs664xme5wdQXRhjiLLcvNu0feTJxmTkqSZiEsFuCQHT7J9kbuTa5vCpHGha9Fwhkbg9jdufqsVbJZQopy46RqYcwtcfGsdBIWclHL2hMTRCykaMCOjgt0ixja7cLGzGSxf0nlvgiLNbZ803Uuo5swA5k0EUdFG3VbY+K4yY5AST4I2Rs4u8yYnkkuepyPjCXSj+0Lp4bAvcbmeAOl2fspp1plIcgV4Y/tFQx7t9lslxWFw3eYLPVQbOmmYtRNA1NBXD18IvI0NbQWHB4p885e7avQIuwr3j/E7fy/s8KkHdC6mCm/fPihNtS2UVZGvpDYCCKXN4tE6J5PIp+y7XKUEoXRScMWVifp4JY3XmCVgMbCWtheNQdPFGKtSlKuh+QrnCQzS1134ipR4Iy10lpGdFgOxDumvUinAxDa5pc0skjrZoVVWmxEJvKWcQxdnqSS4wozVo8Pa9vILmYjDTuFOeB0v7o61qSUE3bwYFjpQk5sQHOcJZo/TxXZxYc/AgkXQF/VC7Ls6LyzLN7RnJSDkeOPhjWGzE1qubwpkYlOUgje7+F+aktkpKZgURvXR0DNXwI6RRpJbS1yMiGJMo35nwqlMjeSlXE+BZvSFu0sLfA3MWydQf5tCW4DvGP5R5ufjDY9G2FzMaxks72PGlAKsts8EqTeGDMBoXAoGxAjS1pGq8LnYx5HK06zrIlKHF/Bj8Ihw7wXpcMXDCvrrdeSPstoStICuYLtXIjRQhLmEOtq6UGIjlgEch0Ox/Oihm2VXeUYTBUZJmjUaK1H7xcPBbrssJwssM1N0duOh/OitJdrMxNyqZoyJKVKA/KRiR1eFhuXbULVLMJPe7ruYP8AIOloMIlKYlcwnVyfVJ+gIkuftSmPDYYvEgkO3RTiXLAuuanM44ggBrxxy0itu6J4hgzWXnyvU+QCmdKA4SwGVHJOGHzyhfvFb6bBHYFE7BN79fDwEXzhZ/ZX/wCX8L2VRnkAAoQAGASmiRoASAByjR+4ea8KMg2Ci+4LVVU5XFrqfgaRHZ8yVYymqCrNr9npM1Cw7TCHTMVkqjEh6igB4PEODa1TMNPLh5O0jOv8ryzadlUhZlT5JChgUkKChqlVAR9GFNaW6tK9P7dDjAGSM18N1UTtmF6JLcfpoc2YVqVgl4SSe60qObKXd7vBIyGZ1OsWD23mSH4SYMEOwHLx6nqmps6s1HxgLx0VmYOQDV5U1q2VMlhCpiFJCw6CoEXgKOAcRXHCJDilmKMki7rdcbSUMECgzZ9cD1yiwYDuuZieIvY8NgPdHzKOkh0BQdwScKgY/GM79DRXpMFIJoxKz/hUlrInSyw301KelSNRnwbxowZHXyK04uX2qLI4d5vz8lnFAgvmI2iiF5RzXxvDhuFpLAtSpYmI9olzVnu0u+ZPWMUgDXZTsvW4InEQmeMd4aUfDkln27vGUUspaQAAfeSSnFsXB+qm2TLpyWWKcSjNs7k3odqRlnQqqVtdAIUQ5CvaGgZj6DWKEgahaWB73dm+63H/AFVMi3zEpUk1uihIBBo5A8D0aGuiaSCFii4nLEx8btx6hFzrUAm8ugLE/mUpqDiaZ4NCg0uNBdCSeKBnbFtZuVbnxVZMmqmFh7Ssh7qcKaADWHhobryC5T5ZJKjHvPOqvpYZIA19Hf1EYjZK9aC1jAL2Cq7dN31TMgwD0cgMG8HjXG2gAvI8UxwjD5RuToqa7Gm14y1dL2cUSkTK3JiH5Kq45EVHIwkut1dCvScKxIdG6N2+VVFmJqg4s45ivpDD1Rh3ObcTvMKyl20LTdmB9DgQefxhBZlNtXbZihNF2covoeYKJmX5VHRNluwKqcQ5YjyyiBldtoVQieNrWyZXNI0zfxaZN2YJpKhLMpRqSmbfCnqSU3R5ERbtso1N+izDhLpn20Bt9HAj4bomy7PEofhgPmpTvxwHxEKfKHbrr4Th7sP7gAP+RIJ9ByTpqylSUqUFKBc0ACdBRq/tEVpYCsXAyZXuzdT9lJ94H5vL9opRWztI/H89V65tOesSTMTQ7pFHoWf1h8r3CPMF4WJjO2yO8VV2e0zlgVWSrA4AgZ0EYrmeVoeIWeijtNnWxmrZKADeKjVITVRY540iww73alKdiGMGi82t84zVKWsvVy9buJAHLARuaA0UFxO3k7QvBoqvm2pQUJYFcKufjq8HZNOpXWZ+ocW0ZRXz+6YuYVGhLNyc0c+rRZrQNFgxHEsRO/M5x9NE1ZVk5fAOa+Ji2ULOcTO/QvPxKuu06T3xT3pmBN1lua7iXFcgoqDcIXA1tWF0uJzzGTs3DKABp9+tqkmApdSfDX6+EOXKpWXZmzzpyLTNCR3chKFLJNRfVcSADi4vn+TkIVPHbbHJd/gGLEM+R2ztPI8vjskVZiFhSSBjjlTDkzxnEgy0V66fBntQ5mx59CgbbZwak3fQft584fG5cjHYbTMd1HKtE2QGABSd66oUOTgiooIktZJukMkxOB70Wx1o7HxVnJ2nJmYKEtdDvgBiQASCaKNEjIm6MhCjHIwdQtUeNweIdmcezfvrsSnosy0pIW6kEuFpFQTQuDQjrnFXFpN1S2MZM1jmBwcDsWm/kh7TaZUr2UKmEl6lKWD0wfDRoZkL+dLnnEswtkRl7ibN6BVrrnzWIKU+6nG4NeJ1OfJmb3Y2LCz2jH4k5h6cmj8+K0aZKUsEhm+sYwOeSvZYXBsZRIFDY1r4lQrmpCVNkFEjIsksOpizGmxay8Qna3DyOZyafUqhU6scvAcmjavl8sz5XZnmyuCKQJZWxtCAuyJSHUUJTUnHdKdaUVh4Rlzd4rXh5XMd3d1n7fslcsgHmk4tR7p48I0B+lr0GGkjxQyg04beao1S1pLQ2wVndHPEcpU9ltSg6Co3VAgg4cCxo4LF+EQWjdSyaSsrjoh0LLguX9IslNc5x1RkmYt/bV/mMKK6MTC6rKtLHs+gd30H1jGd0mtBd7D4ENZnkNLT/wDBto/6Zf8AmT84t2MvRJ/9Th3+X8r1Jc1FxqMBDTI0BeSELybTbItKg6QTdDV5RLXhw0VZIyw6rN9vNo3LP3KU3VTDh/CkhRJI4t0CojNazTmm0vMZl5SgEgkuG1USd0AaktTkIFhsk0Fcdt9kfdzZpYSABKvzFgVmTpilBbnMAIDDIE61vsKTJRlACzaAzwJIUC1lLEYguOYrAdVLHFrg4ckd99M1DqSAoYkUvj8xTkXzGPrVjQ3QLZPiZMQc8m6DUXcYQxIAJ0CvuyfaGTY+8SuUZ4XdVcBAQuYkKSkTFHGWgLWQAC6lA0YMAk7pvaNj0G/X7IGxWkTQQmhBwOIaqeeEYpI8jr5L33DuJMxuGy/3Aa+nNEC5MT7I0IbD9vrKFnM06LpwtixLC1415/6VbOksbtaUD6DDyjQHXqFyThyz9p3Lby5fBVtrsTVAh7JAuNjOHlveaNEJKSpJN0qBNN0kPwLYwywVyxE5ru7d+CsrJYJ62KlEJ1VU+Bx6wmSWNvmuzguG47EEWSGjmfoPutBZbOEBkiuZzPXX0jE55cbK9VBhYoe4PUn+4/ZRWqZ7iTU4nQRLW1qUYicyHsoz5oO1rCRcGOfAfM/OHxg+8V5Lj3EI2RnCxGyfePTw9UFd0fkIavIKeySXLqJAGBzflwzgQFfbM2kEgS1ABizj2VB3TTEYtnCXR260wyBtFW0+WFqu0NDQjgGccSDBZQCWkOadVU7S2MlSStI3Qx4hw9NR6elQ4t2Xq+G8SixYEGK0dyd91SiwBNSm8ODP4Y+EW7TNsV2nYEQ6vbmHUJUJs5yHVxAe1Clg4cd2qx2fZUTFiXKCSs0CRUk4wsiQ6La2fh8Tc4oUt72W7KTJc1MyehICXUkOCb9Lr3SRSpxoUpjVBhy05nLznFuMtnaY4ro8/BbZo2LzNKss9hVdZRx9pvhwjnCDqukcUOQ8kTs6xiSlTqo5UVGjBvIACGsjyBZ5ZS82V5d2mts22WhRlS1rchKQAd1AqkKOCSXvFzS9EA3qufLmc6gFZdi9nJkzb85IVOD3B7svU/xLqQ+Aqz4xoZFYsqo7m41Wo7Y7JTa7KCWC0upCtDQkfpLDwByikvdT8nat8V46uQQVBqBgTQh8DUcXheYVax5TdIKcA9cBp6QWitUuz1jvd97pSoKusSzFgHoC4SHOHHA3rRXaddV21ZomqUpMtMpIACUIKiAzBypVVKIBJUWcnAYRZST0URmkykj8hPn/AEHhC9nlUJvRMIKAJiTUEAhqEFyH9PCGFocKKdhcTJA/PGaIRln2gKKG6cwXIV4CEOh5L0+G483Nnd3T8QVaiYlYr0/YxlLHMK9XHjMPi2CyNdfFNmXkYpSpOoodK4jKAUedKmaVg1aHN+aWUqXkhj+kEnk0Sc21qsbowSTELXKmzD7CG4q+WA8TA1rb11VpsTicmYANb1Vb3yzTvFkZ1IHhDyAOS5DQ9+hcSPEo2wSCSEJDqLlhiwBJoK4AnpCyCStjpWYeJxJo1ogFSiMccCz44u/UeMaNNwvmrt7O6cAG4vmKNzd+jQKthEIQ4qxA0ofLCLWFNhPUEsFAl3q493Fy1KNlkREKp1Vvse07xfEufMEecUkClq2GxLPKUpLzEjevBJUApbEkJAJwH7ZwRMBNrVC0FT9oOyMuc8yQUypmJDfhrPED2DxAPIwySBrtdl6LBcXnw/dPeb0PL1Xnu1+z86WppslSC4AUBeQtywZYo50x1EKyuZoV024rD4kF47pHJH9l+zVp+8SJndTEJTMSorUkpACSFPVnwpq8Ma02smIxMHZOAIJI2XsQMarXniF16BRSzPZu1zlzliYpTAFwQGS5DZYs8Y43OO624hsbWjKj9r2SbOaWndQXMwguopDMhINKmtaUYuCQbuBOixHVTosKRJTLSkykg7qSQTxJIJqS5JJcmsTlCkWEh2XIlKKyALwapJPFhFjLkGpVRFnOyC7abWRIsRUggqWe6Q2SlJVVsrqQT0AzhbnhzbCrKTEF4yugwPP6MLasKEnphoCLTLJienxiSrNRiZWL5xClVtxixLRdLR0trixjuKHVixOlWgQ06qrTEq5RaFlIBFCT6esQUMc5ptpVubbdCQqqil6At5VGGmsZnYcE6L1mG/VEjGZZRZ6qJG1T7SZY53iR6AwdgOq2t452o7oCWeZig6yQkkkZCnAY5QZK2S3cQjy3O7b80CGUsJ4nw+Bfyi4Z1XKm4+B/SZ8Vc9mdud195QWAm2achJaomBJWjeNa3SlnqSmLAaLly8Qlndbzy0VRLIIZVABukAFqgMcyKk8MsSDXyXPBvQphpTPoKcGd4FBUkhRwEChGS1FshygUhOs4IUTQ6BhwwOvDjrhNqQdVquzikmamY4vJo2bEYefjFJHFjcwGy2YVofK2zzW0lW8HGkIh4pDJodCu9Lw6Rnu6otE98DHRBDhYWFzS00QnpmcYFFAqVMyJtVLU/vBEqMqyM3taGKpcon3ReID+DmMjpq2C1jA1oShpnaO1LITLAD0SwJJPB/qkIM0hOic3DQtFuKdso2uayl94RfCQTugM140anyIitSuIKJTAzQVsttbNmIWQpb0DM7D+sbHRtcbK5jZC3QLBfayyJdmTLoCuYSA2QQA/iYgtaBQWPFPcaJXm6MXPmXiAso6oa0JqWwhgUpdmoJK/0v8A6kj4+cBKuFYFP15RAUlV9qQArF+Va6esWKUd0qp1yWsAspW4dbpx8g0G6lu6BkpJLDOkSTSuU+bMqwGFB84EbKezzwg7ymLEE8GpANVUglFApZ0hg7gc/oRUqLIOicFFXAYU056RCiyd1EQ5iFG64SS9OJ6DGAq9Wp0o3frURCUF0yWA4Iw8nbDxwiBqLVgeRSSyQdHzyPjAjZEMTn4QIUyFNicmiVKPsE4pLihy9fhFSLFK0bi11hbUstNDQ1DUoaiseTcwscW9F9FhkzNa8cwENZlzUK3V3hor5xoixL4zoSPzonSwwyt77UenbiUsJro54eOEdWHiZPvC/L7LlycIB1iKtpNrChQx0IsTHJ7pXMlwskZ7wU3fQ9IypZHZ+Qgp3QWTdrUGjEnJ8awrK0JbppXXqi5UuTLCAAkXXagDPjEZ2NQIpX2n2O1IWohOVcMYs14colw7owCVWTNskqIuChNSdDpGeWauSW1oJWJ+0KXOmSe8WDdlrSrBgkLdI9UwMLz7yz4toyAjqsFISVGgJYZPQDXp6Q4LngrlSyaQZqVrT7JLuqLZoPRikwDVWZuiBmH/AHeJVlBKlOo0+OIp9cIklKO6FtllUpYSBXM6KNSOnzgBpWYn3RKeWEgrLOsu6RRV1IwGAdWLOKPU94Kc1Ll2ereHXCItVJ1XWnZiUpLuFc3BfD+sWzK2ZLIWLgzanhEKjt05b8uEChTWWS/SkQrNW6+zjsv95mm0TQ0lImIQ4pMWRdeuKEOS/wCYDQxdgtPiZeqxUyxrlzJshXty1KQr9UtRCmfimFbaLMW0aS2gUJ0b1HzgbspUchF44OHAP1rx58YlFqJBUGINKdH1+vlEIPgi0AlnUfFxzbxiUckbZ4goBVzdXOs6pIcZPzN4Dxfo0cnF1DM2XqvX8Dk7bDuhdy2PgVU2OUuzBKVGYggk3hvJPApNCOVYs+VsxsAEdOfxXVhwfZsADyD8laHbBIdaUzEjFUrEaky1VHR4zHCNce4SD0P3TO1khFvFjqPsrOw26SQFSlgpOIScDjhkYzSxysNOFFMZKyZttNo7+0BqYjtpepVeyb0C1Fsx6R6N681BsgTlyjI1dFnNE9nfbVy+MbYt1ix/uhByvatH6k+q4qea5bd1ado/7j+eR/3pcaXbJTtlRbb/AOVWj9Sf+4mKD+mVSf3F5WYSsIUkn2ZnIepi7U1myFVieXzi6jmjtne7+seqYq5TzUHZ/wDvFQP91DFWT/71fOLN91VciZuCf0J+MQo5Iu1+yOvpEqp2VPZsDziVYooYnkfjEFVCIs/90vkr/aIOakbL6C7Nf/Ws3+Gj/aIa1dBvurxjtH/zG1/483/eqESblYn++VUq9k9PUQKnNLszE/q+USEDcKGX7A/w1ehg/tUDdSyMB0iFKtkZfpT6QFSrjs/ivkn1VHK4p7jfNej/AE9/Uf5BLtz2THOw+69asZafe5K9DHZZuFnm/oO8iiexfv8A8voqK8S95q5vB/6bvNaaOYusv//Z', 'flower', 11, 1),
('SP20250803400', 'Hoa Sói', 'Vuiv ui vu', 100000, 'C001', 'data:image/jpeg;base64,/9j/4AAQSkZJRgABAQAAAQABAAD/2wCEAAkGBxMTEhUTExMVFRUXGBgWGBgYGBgaGhUYFxcXFxcXFhkYHSggGBomHRUXITEhJSorLi4vGB8zODMtNygtLisBCgoKDg0OGxAQGy4lHyUwLS0wLS0tLS0tLy0tLy0tLSstLS0tLS0vLS0tLS0tLS0tLS0tLS0tLS0tLS0tLS0tLf/AABEIAOAA4AMBIgACEQEDEQH/xAAbAAACAwEBAQAAAAAAAAAAAAAEBQIDBgEHAP/EADoQAAIBAgUCBQIEBgICAQUAAAECEQADBAUSITFBUQYTImFxMoEUkaHBI0JSsdHwFeEz8XIHFmKCkv/EABoBAAMBAQEBAAAAAAAAAAAAAAIDBAEABQb/xAAtEQACAgICAgEDAwMFAQAAAAABAgARAyESMQRBEyJRcWGBsZGh8RQjMlLBBf/aAAwDAQACEQMRAD8AJwnmMisz3puK4USQkkgI6BPqUTusGfcUOuJnUAwYoQCwUqGB4bSfpMgg/ar83u6Qxtyj3W9RIKiEdiptk8SyggL0ntNAZfJNws4a4xBIn1EAksxBgnfTvXzmfGDjOup6vmrjOFi1X6HuN8K5G87960WS+IXQgXCXT9R/ms/YgiqblwqYrxcWV0e0NGeEpoT13B4tLihkYEVzG2gyke1eY5bmb2WDI0E8jofkVrcv8Vq4i4NLd+hr30/+nizYimXRr9o0ODMX4yy4R71gLgrf+MsyABjcmYrAuZqHxbC/pJ3EGc1WatuLUIq0QJwUTaFUAUdgbepgKxjNm48KWSFFPc2wAuoQRQWSWtKinHmjYEjeoWobjVHqYXKMzbCXfJuH0k+kn+1bC/n9pU1Fh+dIvE3hxbuHuXtYFwEuASNJUdux2rzosSIJJrURM45KfzNcnHozWZ542d5W1sO/+Kx+JvM5liSe9dcVWRVyIFGogsTIg18Gqa266Uo7EGcImvitdVauCUJNToIy10LV7pUUWiudKwK7U6rJrp0kTXA21U3HqNsGaLjqbH+aeJHZg1shho0etAI9RJgKYAgKP/1qWV541wOl3QNNtmtEDSy3Vjywm8SSe0mexNE594da5cNyz5a6hLKSV9W8kTtuI68zX3hzItF0NeZAQDoAJJ18Kdhp2368xTEzYXWwRLXzcrszU24k/J4456VDEJIkc0LeVrWzcdDXcLiJNfN5cTK5Jk3P1IC70ozBXdqBzC31FEYawy2vNj0SB7nf1ED2rioZdTFu6EqzvLfOUwfUOKwBZ7VzQ4IM17Bcy6AGttqGnURtIHcRzWbz7KEvLx6uhp/ieV8Z+N+v4jWUjuZIbioEVatlkJUjitF4SxtvD3WuPb1krC7Tp7/ntvV7OFFjcVxs1czKLTrI8N6tVXZth2uXWui0VRjyB6Z+eJp3kOFthlFziKRlzDhc0JbVHqX1t2g54isbjsyuYm8tm00amgHtTbOiQj2rYNxedv5fasnhLL+YvlyLkjTHegwtzHIw8o4MBNm/hsuz2Tddraru0wNREjbtWVyPIkvG4Hvra0nSJ31HeDz9O1bS1meJE4e5bGp5UtG0kfzAdN6y+T5QEN/zDFy1EDv1JHfpQYsjKrWftGOoYihM7icOVZkMSpI2427VQbJ7V6F4hwWEOEFwaRfgQV21GeGXvzvWStWauwZPlFiS5EKGoCgEb1AWtRoi9zFX2rQAp4FmBBBYqLVuvCPh+3etPcYjVJCjpt3FY3xCiJiLiW/pViPgjkD2mamTMruUHqNbGQoYwC5VaNzULl2q1eapC6gTt29VQk1alqaJS0BTNToIts0QlqrStTQUJmTX38WsssPIvjDwqiSzKpXl4I5326bUE1xXVWHmHUHKqFGr+G4RljVBbURABM805XDLMlE1axdJ0r/5Bw/H1CTVWIyi2wURoChh6PTs5DNEcGRz71548jw+XREfSmVX7hjynaVmAx6QaovJ5XBDL0IovE2Qf9n9TS8XQp0tunUdvcUtci5dN/WIYUZYb+oGisFmz+SbBICmRPUdaXYwBN0MoePaqME8k0LYeNzlcqdTU4HAYhLa3bZ9Dg6l6jfgA+88d6owX8R9B2iSfYCiBmeIVbWgDRtJI50niOxorP8ABl1GJQwTsygbmTEyOeakNk7rctI5AEbr1EeOwlu5qa36tJiYobKXtrcHmfTDD4JGxrQZePwjMl1TDqCI3E9j71ncytySQIBp+Nu8Z6+8W44039o9wmcIuHa15TS0kHkEdD7R+1Jxf9QnitDczOyy2/LQG6AoXbttB+21IMzB8wkpokzpjj/TQLu9Tcp0CDDcmzNLLXJBhtgYkH2pXaxflYkXtH0sWj5kfvTvA5lh1w+h1BYb+80szgvcUXPLhYia3GRzNj9JrklQbjpc0uYhxcs2/UB6Qdp5me81mL3mPeJeUdn0t0Kk7fp+1aPAZ0qMGtWixFsAjgiNpWlGdXTcZrhXSTBjtR4RRIqZlOruP8Tktm0Fa6we2yaWnkNH1CPjasg9sCYmOnxT7/jrk2fMdrgcQBq+JjttX3ifLBhyADqVhtPIjkHvzVHhZQp4k7MzMpIsDQmGvn1Grhe2qF4bmhrlyKsBNyaehY/BpZt2Rh7hXWPVpJk7bsaU/wD1ByazbW1ctAamB8zT9JiPVv1k/rU/BORNetPcd/RuAvuvPNaTDvbxN3+IF8oLsjQQwEAiDx9u1eUMnw5e7ruXceafnqeOi2TRVjDU9zvLrSYi6tne2G9PWOpX3gyKHSxXuKeSgyMijUAbD9RUgKOgVJLYNYRMgBtV8nNMThu1TtYI9BQNS9mdNhrFRe52ofGLHFBC6w5r5tcd7jS1Qu5h2cgAxPXoPc0Njcqa22loJ5kcGmGVZv5bExMiIo2zgrl+b7DZjp0jlY2nfb5poZlhrjDrruZHEW9O3Q9K7g8MVts0SCaYZzYCOyEgweaUpiSh2MqeRV2F+QoyVhRqaHLc41Wfw50qCCAxJEbz0Gxq7A2cQZNr1KCQQN1Ddx7HbespeO+3BrXZNmrWcOXQa2MKVBgiPSCanzY+PW7lWB+Wj6lGa5nee4tl00H39/2rmKwDW/Q43O80wew+IUXDCXbQ2U9Y3670Fiswa6VZgBAiBSOgABUPIAdn9pDC4W2LL3CfWp49tth+dXZ7nNq9ZRFUhljkbiOZPWhkso922G+ksNXx/u1MM6wmHV9mkMDMcp/SfjpRhhYuYotCBFWWGz5bi59XSjbOcoLAtMh9/ikSqJ3rSY3MsO1tVCgvEbV2RfybnYm+muqjM43ClSQVDSIIieIiO1JM9vB0QBIKSpP9QBgfNHZbk4RVe4R6ipC9t6lmmZW3seWFIZT16Hrv70WJaqrMLJZU3qJ8Jhbl0BULenfngd/mhM2s3YU3WZpGxP6j2q7Js7awzQmqdv8AduKC8RY29cOt1IXpAOkE8iep2p6cvl6FRJr4+9xHiEg0Pg8C166lsbajEnp70ZbtljTrL8pIIYbEb16CKxB4xK97jrKst/CXFs+YxttJM/zGN4HQVX4kvWA7KHWNBI09DwF269aPlVtu7sTeGyseR7L9jQLeGrZwvmyNf1D3U8g+9eOgDZbc76/eXvpaAmOtHarhRd7KGXccUP5RFe6zcBuQGUss7VPDYJjyYovCoOTVzYgA1Fl8gnSwbkSoQRzVtl9qCe7qapm4elTsGbuZc1C2g6hgQe46ig76e1DWWZDM/wDqmVt1eSOeopGbCUNgR4IMTXPSwI5Bmm2Mx2IuWy9oaFH1RzxuR22qnEWJO1W2rzKrIDAYQR87UvmDRqFjYqTvUnjUw9zDK/pF7rEyfkE/rWfuYX2rR4PISqLeWGEHUDEkA7foKszjE2LltfLAD9QBH50Xy0fp2IeTHyHI6mRW5oO4kcUz8M5mlm42tZR4E9jO00BjLU0AzR6asFOlGTKxVrE2uIH8UyNIYygDAzMSmx2nfnii8LkZW23mqUYSVMggis1kGWtctXLoaSCBBPAG89+tPsfml25FpgFUAamDap/+JHIqTIhGhLVII5NErDcimOHw3lMA24YBiQJMbE/2n86HzDCLbhkuBgSQRwVPuKIyRi2Ity0R19qz+IpBTUe5DxM9ksDZjcbxx7GOlU5DlysDcY8EAAdZNF+JctRPVqGqeB1Hf2NLMnuEOo1QJBI6GiU2mjOIrLsTWWQrXytyFtKupVmfVOxnsKCzq1bKXHRwSukezdPzoPH21N24R6gRpEk7SOlMLmS2LgZWYqVUBYbjkyRwd5osTcN3/aOc87FRXluLsrh3tmBdLfdt9t+0VdfzW0mHu2GEu07d+xPaP2pX4cy4Xbqi4fSNz7x2/Sm3iPKLeoaDv359PSfej+INmCC7O4oM3x3+0S5XgZIrW4XCbbcASaQ2cLctCRuKYZFmF26+lVhTKsWGw/yfavVzZTgwkgbisKgtRl1y097DlygUISVHVokA+w61RgsPpRVMjaSCSd+aFuviVu/h7bkoW07gTB5iOK5mGZ6PSBDDYz0qDwiEYuxFfaPysKl+IP8AIi6mPQdPc0lxltFtEknzNXHQCrcnz3yrjEjVq2or8ZbC3fMXd1ldutD5HkZMj7GvUUqqVu5nLJJ4o/LbSG8gu7pPq/Ki8DkOIKLc8v0bGSQJH3rU4S1ZuISxVAk+hY6cSep96Tky0aEHFhJNmKcxy+1fc/h7ahV21AQOOCOvzWbVdJ35ovD5u9vWqNsxJpXf33miRW6MzKyt1GrMTXNRBkV8rd6m1VMt9xQheGxgOx2o7MLNjyke3cJZjEbb/bpSPRROV4BGvLPp53FSZPHVRyEoxteiJcvnuhtoSQADt1H9NMsiw1i5bfWIZeTq3EneR2qm/auWrw8lwzEewml+Ayh7150aA27kbgEzuNuhmkLRU7qOriQCL9Sz/h3us/kwyg7EkCf81lczQqxVhBBg1v79o4Yr5ZC9IJBg9p7e9ZPO8FdZmuMpOo8gbU7x3+rfUVlxgfmK8uzB0DKrEatjHWt5leYD8GpIRyFj1RKmex2PSvPQIp54YuanNqARcEb9CNwad5CWOQ/MzC5DVNK9lL4UMoR2IBZB1H9S8Dj9apx2SvYuKquGLGFI2M+9cxdtlGwK3FYDUv8AK3TbqDNSw1i4rlr7M10QRIGn7EbDpUrEkWTHFB77k7eUKP8AzMWfWskmNmmN+3ahcVkttcQbaudJXUN9wd9p+1M8TjUuXxbVG1XFZGU9dPBnjqTt2rGZulyxdOvUGEwT1A7HrRqrPoGtTHKr6ua3C4WzqFr+sEzJDSOTPxXPFeCKAG2xKAeqDv8Af25/OklrL1Y29ZLNp1AzEH7U1fLbptOLHqZkAbUdyOoE9f8ANdjHAgk3+YTkMKqU5blAex5pcjUYAUwQJiZ5mpYzJnS3ce27EJyGMk7SxB9u1JPDmLuG8lmTpkkr7rJj8xRXiLNbqXLln6QYJHXcA0//AHQ2jv8A8irTj1/mTynMLrkW1BcnpzTrCBg/laHkz9J+lo5JFZnwviLtq55iWyw+k7cT/wCq0Jzq7adrgtTq+oDYqegHeu8nPkcfH2JuEAAMTA7GaNhrzSNRjSZI2M7kfekWa403GZ+pM1zOcy859QTRzI96YP4RveUtx3RZg6NyYO8SNgY6UCIq0zaMW/JzxGxI+GsbZRX8xdTSOnC1ps1sYa/aRgYIHpC9AeJkb118LhFwoZVPEDT9RPEH70oyzPLVm7pvJpGnYQTE7bxvO1IP1sWS5QPpHFqqSGd3CVwlzSoBg3CdwB7d9ooDH2bbYhbdm4YaFZidiT1PQ0u8SZkt+8XRYWAB8DrTfwXkPns1y40KmwUcs0e/TeqCgReR1E8i54Sz/wC2gxueQ5bQsy3DkdFjis7cPokcnan+ZYq/YnSxRHLCNp9Jjn96RC4Tt0FFhY1bReYLdCS/Hr3q1MWOhrG4tzq2NF4csOpq44dXcE1NeuIHejMsXzbq21aCevYDmsal1u9X4XHXLbh0aGHBpD4yQQJykA7m2v4J7d4CwRebkj+n57ULicwurdLH+Hc4I/b3q/w7ldy5aGK8z+KxYsDwQDt/aj8RiHxWHaLOtztIGyxwQTXnMArUd+iZbXIWNe4Jat3LVwPfGskyGIBnadIB2mNqaY/xPagpaUtq2A07SdjPag8ZbuNhtVy9K241AJ6i2yqqyfqLECicvfDpauXLg1FGcFwFiEveSJ32LMD6R2ox47ZF5Vf4miwaH94lveH7Xllmcq8SOx9qy1q6VYMpgg7EV6F5Bu3Gtqp0adZRtMgF9KlfVABEvzIAoDD+GcK9hroNwD1mSDPpk+lRySBIHvVKhl0d36imxE9SXh/EWr2ku5807MZ5iY2pxi8Z5bG0pVpB56fM1hcPl+hbbE3Az+VAVQTNxS5UANOpVgmYHqitJlmWiWA1SdOp2g+XcKhirQSNpAPuYpObwWDfwIePIa6gy4i5aMMp1W/XrAmEmDPtvUvGGPt4u2iWFNxwRBAPYyIq3EY5l85riuyIHtki2AHiFH1MDLNsBv3qrLcWqtFpHlgWay4E6Rphl0klSSx0zzpJ2o0wZFPJhRH6wWIAIHUU5HavhwvlNqXbcGYO24NOsyz1sG+nSSzDidgBxP3NGXs3GpLiMZFy2hWPWzOSi2yNt5JO/Gkmqc5xK3fLvukm3cSIAIcNdNtRM7sdLNA4A96L4cjmyutzgBVqdxR4Yv37LXLhsFi0MSRDQSZ0z80LnuLbGXfMW0w0jSx+O8bVvbuItPMi4rwin6PSbmowfVEhF1kTsCKCy25a8uLPpt3JjgMzASxUMRtG5M7A0DK4PPh9R/WacdjjeoD4Zx/l20QqNvpHBaTufzNH47CaHV7xUruzIJJBP088gUPnFlLToh0hvLa6WaALKKQCxMxJM/lVK4S4yNcdiiKY9ZD3Gk6QAASASxAAnrSW8dyeQHcIEgcaupXm3htbs4gXURWGoiPz3qWUD8RqAu6QogTud+IHRYrPLmBRL6G47JbuPbX0KVLh9KqCWBJJkwAQACaZeHsvw+ti7XDcKljq0rpE+jUFYxqHqAPSm5PGyJjPM9dQVpm0PzGa5Oqi41pgNMkEkn1RJIXgV5+S7uz3DLEyT3+KaZ1ib9t9OohHBiOopUv1CaZ46Mqkk3cVnYdRrk2Ct3ryIW0gnc9gATtPUxH3rS3cohiMI9wT6ZDneJG5jbqKDyXwvqtDENdCqBqCgSdu56V1fEty0W0KsHYdOOKTkYs1IZqAKPqinGM7Qrn6JWO2+9CBINS/EksS25JJPyasF4UzYkxNmZB7RLgDckgD5OwrSWvDWKK6lt6gOSPbmkJaHDDkEH7gz+1egeHfE9x1uBbJ5BJXgSIqvysmREBQXG4wrGmmL0kGCIIqU1p/FGIsPZUgAXgd4ET3msdexAAocLHKt1UB8fFqEZ5fnBsnSS3ln6lHv1HvT7w/4kW1cui2jsjfQBz7gjtXmGOx8mB3rWeEswFi4l1hqAmR8iKb5HhrwJI2Y1XZKm3xeMF21CMLd9nU/SCCwMq3qH1DkHvFK7OQ3LNyzbvFBbLcwpDPpbS1yR6zLGJ7mjs3zRbmjEJaHlpGrpO+0gcRT4YjDYoWtLJr+oQQYMcEH968xM2XGoA63+xlBAY7MAxFprTafPUM6qNaonAXSLekj0gc7dTNZrNbeJtq1uT5R9OobgrI9M9J0gHrApl45LMgtpaJuhgAyDn4ik2Az7FYYG1irbhG2BIht/nZv71X4xd1Dk7i8pINDqO8a160POLBS0nUqIQGuKoLEEc6VCz0FKLeZ3hGlxsdQhViZkEKBGx/tW2y/DFbYY+kiJ1r6N+BztyKzWd4K5+IF5LYI2JCb79TFLXM7H6vXRnPoaMt8MLe9ALFRbll1AEOx2LtP1NG0mm2VWrAN+5fYMzMJaEU7b/yASSSd/iuY3Lbq2fO80CB9KiSZ6A9/tSm/wCGb1kAka1YgzMkHn1f5qc5WyXyar9Rh+gdXM/ml1sOQLBAttcLrIBZYVlDKSJVtN1hPvT/AAeHY3LNrzlCrbJA8tDpOnSOfqaCRJ4k0s8YG1E83CQABwIEbfpRGUYUG21x/SQDBPeOR96tORziBBkoYXHbeH3UN5t5hcd2YRbTbVbW16THpPloF24qp8GUPkABgEZNRglUu6Q66iJEhY25FQyrHYjEMiMoYKZkAjjYE79JozxFh3srq1iGIEjY8f8AVSfNm+QB2lJK8eSjqfXLaXheL3VKwiGUQhhbOoCI+kMOvvWJsZnethwLpOp/MMhSdeosGEiFMmdvauYy9pJHQ/7vVljIsQ6C6LL+WdwxEA+46xVqM6glm1EFy3Qk8nxK+ZZ1/RbnSCAQCTJY/wBTE8k1oM5wYFp7qW2dzLkzuxJks0V3CWsKmHggeZtM8z2p3gccjYfSwbU4IAAiBx9unNSZPIJblRjlShRMwN7MruJ0s6aQogD+9bPJ0s/hVU2lEgl7jAH7Cd57RVOWYm3hrgUqHLjkCdEcD296pzDFa3LlioG6gbR2271u8h4gUIu+P1EyON87DyyylomAhG3Ez3pBiLmoknkmnOKzBroAYyBx/mg0tjbYc8xQLrbDcTkYE0OoDZE0R5VXnCRuKRZh4osW5HqZh0Ajf3mmoj5TSC4IBisW6eeG/ELYPXChlaJB7jtSguAKWY7MAK9D4/lHEjU1bBsT07w3i7d5vNvLb0NOx/lI6ClfiDwoMZcdsK6IFH0/1Edq8x/5MyBqOmQSJ9969lvjDW7CXbF4DUBENz7Cpc/jv4jh0PfQ9StTYoieIYjCtbulH+pWIPyK1ODPpFa4+CcLdtPiDcc3DLEk9e0VlbduBHarW8xM60vY7icwqpZ+JYKVDEKeROx+RWx8CDBtabzTFxWM+rSSpG0frWEvPFLr12SI5BkexoG8f5V43UBG4m56rhMdbtYjUwfQGOmdgR/Ue/2pr4hs4PFgq10jSNS6DIDfPevMcb4nxF6wLNwqVBBkLDGO5rUeB/EeEtWCuIX+KpaGILB1O42A5HG9QZfCdAMg7H2lCZR/x9H7zSefdu21sW7hDkBdbAEADlj7wDXyZCtjV5+KuXP6AoCn77Ekz0pRZuWrvmXExa2l3KjgjrBBM1DLsfdcLev6r9n6ZQAFfcqIJ+9TjHkCmjX83CJB7FmWXHuKFQ3ibS+oJG5I33I6Cr8z8SYg4dj5Y0cap30zwBHNPsyxispZQbbKvo2gx12Ned5ljHUkkgbyATJ/IbV2BRlOx1ByE4/fcR5vmDXHUldP/wCPbf8AvT9MwuOiqQCAI9ooEZY5Vb1xZB3+1Eo/YwO1ejkZSoUDqSkERtl2Z3MOyuEDDqFMkz7VzH54124GuoVCmVU8fLdCaCtYwoQ0wRxNXYrMdRltzHxz7VN8dtfH94Yf6eMdf8baxoZy0RABAAkdjFSxGfXBOHEMF9I0gk7COetIEzEBSAxSdiBsTROU5gthjpLb/UTzHYTSziY3y2PQjBkH4jzJszaQjWjoklpTr0knc19mx1kG3Kjt0O/5iuYHNLDg6XE9Qdj+XWrrj9l2Pv0p6eMCQT/SYX1QlV50ZQoUJAER1ikucBgF3kE09d16CD70szlRoBiII39qtXAExkCKc8oFbfYCrp43paMUeFG3WaKwgANQ5EHqAIx1QB715945yVxdN9EJRoLEdD1mt7iD6Qe2351bhULjfccQfet8bI3j5OQ9w1ajPJ8RjjFKbzluaK0E1XdWBX0GMBeoxSBA7Sb0ysOViCdjI9jQlpd6JBo3NzXNmavKPEV27eS3cfRbYgNGwnua22bZfZsqDqVi23G+/avIbR3pp+LYxLMY4kkx8V5XkeGGYFDUHl6M9LwmR4FsM5Im5B3OxB6VTlXg7Biz/FBa4R9Q6E8RXn2YZ1dbT6ojsIn5r0LL/HOF/DfSRd0gFd92joe1RZcHk41tWJs+vUoBA7qYrHZFeV2VbTESYMdK+wWUXmZV0MJMTHFafJvFgcnzrmjmOopbf8WOLpdIIEgc7+9UjJmP08dyU13GOY+F0W2ChJccyNqEy4XMPt5h5nQDsT703ynxXh3tE4hofeQePYisDmebFrrG2SBPp+KThx5nvG39TGMBphNZ4s8VXIUFQrAVncBhzfZWd51fpS1bL3TNxiZ70/yNEsmfb8qecaYMdJ3M5Bm3HWdC7atIqNM+kyJ24phh/DV9rJcKAIDbmCYH8vyO9V4jFakhGU/O9D43xFcKNhEaPREyZXptXnJ8hAAG73GsqnZi5sVb+l+sAHsZ2nvU7mVkMVMqex5+4rDNausx8wtCmI4kjtWy8N5x54a3cHrQA6gfrHG4/qAr0cuA415Kb+8Q+MqLEhcwLKd9xP8AorrYUkkzHtTe9B2k6eBtsPmoHCMNisg7hgZEex/apxkLRVxI2HIO29HYLG3rf0sSP6TuPt2+1EYjDlI4IO2obg/IPBqqym09d/060XMidcb2M2Rz610dBvI96rzu2PLJQ7dRQYtGJiQOY96m90xHSCPYzRr5AohpsBw77Cm1nptSu1Z0+9OMCJ3G52oQA51MksWxCqO7b/YUXg34AFA4xy1wL/SAPvyf70ywhA3/ANMdawi3ImjuefP4XIHIpbf8NXTxW7FqeSa+ayQNjTV8tx0ZvKYS34Xu11vDd7tW3DkHirZJov8AWZJvIzz65kV5f5TU1wLxwa3bseCK+8sdq7/VOe51zz98uuHoaMw2UP2rVYnEKo3ilGJ8SW0G25oxmyPoCGzl5R/xUCW2pPjbyqSAZqGOz25ckDYUtdapxYWG3M4L952/jK5ZzIL0mg7wqqKtGNSI4IKjN84c8bVbYxTnljSu2tGWTQNjUCgJooRnYxbIfSxB9qaZBikFxmua2dhCkEQD3brWfR96LsXIM1Nkxggj7zXcEVPTMTmtpcFet3gsEEqTE8QFXqTIrD+A8IbuLBBI0AnbrO0H2r0fAeHLOLwKHEvuE1AKYK8nn9axfg5jh7bMDu7SpI3KiQD+W/3rz/FdBjcXu6/xFPYUXNNmtsI3Ejp+VD2cTt7dasXMQ0K24Jig7o0sVIgj+3T5qV0rqSNowtnGkiARG80KiyIHTeDz8juKilwDt/mpawf8UIJEy5Ky+x4E8V8VBggbDkTz/wDGqnYz/wBbH/uuq/A6779p9u9EB9poM4G5jiiMDjNI3E9vY9jVdpBJIOraY4+eaho0mYkN+nt80QtfqWbDcJbJJY9TJPeaaYVN5HwKR2L+n469xTe1iwR6R057e9Owsp2ZogK2I61aq+9VowI5qYX3qOzMufXrIIqu1ZIqZUjjerRc2rQxm3K49qrxLwCavNzbis54ozcImkfU23PHvTcSl2oTRuZLxBmjXLhVdlBpZbsd6v2FcNyvdUcV4rG36lF8xxXcPJq61B5FXKvatLUKm8tVKGwk123lw60baFWilnKwmczKbGXqOaLGVqeorls0SDSGyN94BYwLEZYOhqn8JHWjLrxQ1yTRKzfedyM0XhHAYlkuuGfyFGk7mDPKj7HenNvKFNh3D6Wt/wAhiIidv96UF4J8V3MPbbDaNSsWYH+mRBBnkbCmuDyl8Us2gwP82r6dO/XrXneSzjISdDW4wUa9zL38Qae5BiTibbKxBuWRK7bvb6/JU/pWfzPDlHZG5UlTHEig8HjXsuHttpYdf2PcVSEDrUUV9TYi0JBiR/mrdMyCQPmvsLjFv2ReA0mSHUfyt0I9jNSN1TtPq/v/AN15zKyniYmqlIUGdyOldu2gwAH/AJB04Fwfs/8AeuqB+1deOv8AeDWK9aMIQNbhgHkdj07/AO+1X2bxHwef7EVzFW5GobHr2Yf5719hQGUmIgwfae35fpVH4nT65anjj2qeBxOg7j0nkdasS6FkFZkEf7+hoS/bKmD/AKKCq2IUK0aTBopWFUM4JPUDaulwvXak8ftBhINVvcjeaWY/N0t8vBM7RJrLZjnT3NlJVR7xPzFPw+M7/iFVxxn3iBbUoAWaO+wPSawt/EOzSSST3ojENPO9Uaa9jx8SYl1GqKkbaljFF/hYFVW20maKfHAiCKNy16mmDqkGrVNc1zXyCsMyXA1atVLVopRgmTQ1brqia4WoCLmGcuvNV6q4xrib0wDUyOvDp9bGJhetarL8/wARbC2rcHoBHI3MH8zvSrCYMW7ax13O3M0yyLHpZvq9xZUBh30kjYx1/wC683yCHvV/pCQ0e6lRwFq95r3mK3SZEHaT7dax+JTpW5zJreJvMLPLcaQRuf7d6QZ9kTYdgrkEkTt+orfGy0aY7+0Y0H8O5v8Ah2OoarbiHHX5HvWqa0g0XLba0YBlMdOn3BrA3LUU/wDDWfpbQ2MQCbZMq4km2TzA6in5sXMWvcS63uOX2P7/ADXzmTB5/v2qd8DYalYEAgg7MDwRUFssQO35/FecVPvuLEsZgQQNu3v/AKaGY7Hfnc+3TirWkGO3UVTdInftzWqxvc2fedq2M6uAQdjuIEfFW4y4Su4gTPO/b/fihNIPqBI/Y1EsSJMnoP8AH608GdCsViktrLnTtPO5+BWYxPiRmkIoUdzuf8Urxl9nOpiWJ6mhqtxeKi97hAS65eLGWMk1w1EGp2rLOdhVGhDAg71AU5t5LJgtUsZ4duKupfUOsdKwZ0urhCJhXCKubDOOVNWJhTEnamFgJ0EWiEqgDeKJQVjTjJKasD1XFdFLMyTY1EtUmqsVgmTumpYdZdQN5Ybfeok0x8MFfxdrWNi0fc7CtPRmT0K/lsoPgfaszjlZDHSvQroA2P0/2rKZ7hu3Feeq3ucYly7OGs6igG8TPII4IP3orEs2I8u5dYleJHI3g+1JMSmk78U9wniFEwv4dlIIkhgBDSZ3ng712XGR9SDcNT6J1FOe5ctp4RtSncHr8Gk7263WBya1fQ3GZgIhRPWJmDWQxNuGI7Ej8qPBmDfTexOYe5sMLlXk2fJuXrTXl0N5Q1a0F6NKDaLh3BgbiaIbAXk9LI6n0jg/zkhfzIIFKsR4owzMLz4QviCbPmMX9MWok2xEqzBYMmnuXeNcOzPcIFtLVogI+nVccXDdslFtqF9Lc/vvVL+NiyG7r8SY8rnBkz+mdptvd3B9It+ZqVj3/hn8xQ97LLvo/hOdf0Sp9W0+n7b/ABvxTBM3cIqAsU8h7cBzDeYLnrK8T/EH/wDNWnOEYkm1Opg9wFgQWW01tfLBWABq1Q2rgDipini/9qmbgWV5GzO/mI6KhVGA+t3f6LaBttRkGTsBvV2cZfJFixYVnTUbvkywSYCIXP1uIMnqSQOKLxmb27topct3AA6unlugJK2ltw0rAELMgdaByvNVstrNkGChQLHoCMSRLK0zO7fVtyKcH8dRwB79zjdz/9k=', 'flower', 12, 1),
('SP20250803688', 'nam pham', 'aaaa', 12, 'C001', 'abc.jpg', 'flower', 122, 1);

-- --------------------------------------------------------

--
-- Cấu trúc bảng cho bảng `user`
--

CREATE TABLE `user` (
  `Id` varchar(15) NOT NULL,
  `Name` varchar(15) NOT NULL,
  `Email` varchar(30) NOT NULL,
  `Password` varchar(30) NOT NULL,
  `Phone` varchar(30) NOT NULL,
  `Address` varchar(30) NOT NULL,
  `Role` tinyint(30) NOT NULL,
  `CreateAt` date NOT NULL
) ENGINE=InnoDB DEFAULT CHARSET=utf8mb4 COLLATE=utf8mb4_general_ci;

--
-- Đang đổ dữ liệu cho bảng `user`
--

INSERT INTO `user` (`Id`, `Name`, `Email`, `Password`, `Phone`, `Address`, `Role`, `CreateAt`) VALUES
('U001', 'Nguyễn A', 'a@gmail.com', '123456', '0901111111', 'Hà Nội', 0, '2025-08-01'),
('U002', 'Trần B', 'b@gmail.com', 'abcdef', '0902222222', 'TP.HCM', 0, '2025-08-01'),
('U006', 'Ngọc Ánh', 'Nam@gmail.com', 'pass123', '0123456789', 'Hải Phòng', 1, '2025-08-01');

--
-- Chỉ mục cho các bảng đã đổ
--

--
-- Chỉ mục cho bảng `category`
--
ALTER TABLE `category`
  ADD PRIMARY KEY (`Id`);

--
-- Chỉ mục cho bảng `orderitem`
--
ALTER TABLE `orderitem`
  ADD PRIMARY KEY (`Id`),
  ADD KEY `OrderId` (`OrderId`),
  ADD KEY `ProductId` (`ProductId`);

--
-- Chỉ mục cho bảng `orders`
--
ALTER TABLE `orders`
  ADD PRIMARY KEY (`Id`),
  ADD KEY `orders_ibfk_1` (`UserId`);

--
-- Chỉ mục cho bảng `payment`
--
ALTER TABLE `payment`
  ADD PRIMARY KEY (`Id`),
  ADD KEY `OrderId` (`OrderId`);

--
-- Chỉ mục cho bảng `product`
--
ALTER TABLE `product`
  ADD PRIMARY KEY (`Id`),
  ADD KEY `Category` (`Category`);

--
-- Chỉ mục cho bảng `user`
--
ALTER TABLE `user`
  ADD PRIMARY KEY (`Id`);

--
-- Các ràng buộc cho các bảng đã đổ
--

--
-- Các ràng buộc cho bảng `orderitem`
--
ALTER TABLE `orderitem`
  ADD CONSTRAINT `orderitem_ibfk_1` FOREIGN KEY (`OrderId`) REFERENCES `orders` (`Id`),
  ADD CONSTRAINT `orderitem_ibfk_2` FOREIGN KEY (`ProductId`) REFERENCES `product` (`Id`);

--
-- Các ràng buộc cho bảng `orders`
--
ALTER TABLE `orders`
  ADD CONSTRAINT `orders_ibfk_1` FOREIGN KEY (`UserId`) REFERENCES `user` (`Id`);

--
-- Các ràng buộc cho bảng `payment`
--
ALTER TABLE `payment`
  ADD CONSTRAINT `payment_ibfk_1` FOREIGN KEY (`OrderId`) REFERENCES `orders` (`Id`);

--
-- Các ràng buộc cho bảng `product`
--
ALTER TABLE `product`
  ADD CONSTRAINT `product_ibfk_1` FOREIGN KEY (`Category`) REFERENCES `category` (`Id`);
COMMIT;

/*!40101 SET CHARACTER_SET_CLIENT=@OLD_CHARACTER_SET_CLIENT */;
/*!40101 SET CHARACTER_SET_RESULTS=@OLD_CHARACTER_SET_RESULTS */;
/*!40101 SET COLLATION_CONNECTION=@OLD_COLLATION_CONNECTION */;
